"ft_dem","ft_rep","race","income","sex","white","black","hispanic","other","vote_obama"
100,0,2,3,1,0,1,0,0,1
100,85,2,2,1,0,1,0,0,1
70,40,2,13,0,0,1,0,0,1
100,15,2,1,1,0,1,0,0,1
50,60,1,9,0,1,0,0,0,0
30,15,1,27,0,1,0,0,0,0
70,30,1,24,1,1,0,0,0,1
0,60,1,25,1,1,0,0,0,0
15,40,1,26,0,1,0,0,0,0
85,30,1,7,1,1,0,0,0,1
30,40,1,9,0,1,0,0,0,0
50,50,1,13,0,1,0,0,0,0
30,70,1,9,0,1,0,0,0,0
30,30,1,14,0,1,0,0,0,1
40,15,1,3,0,1,0,0,0,1
70,15,2,23,1,0,1,0,0,1
40,0,2,9,1,0,1,0,0,1
70,85,3,13,1,0,0,1,0,1
70,40,3,11,1,0,0,1,0,1
15,85,4,26,1,0,0,0,1,0
70,50,3,23,1,0,0,1,0,1
0,70,1,8,1,1,0,0,0,0
30,70,1,22,1,1,0,0,0,0
15,70,4,11,1,0,0,0,1,0
15,15,1,26,1,1,0,0,0,0
0,50,1,25,0,1,0,0,0,0
15,85,4,19,1,0,0,0,1,0
80,50,3,13,0,0,0,1,0,1
-8,-8,1,18,1,1,0,0,0,0
60,50,1,17,0,1,0,0,0,1
85,15,1,15,0,1,0,0,0,1
0,70,1,22,0,1,0,0,0,0
100,0,4,19,0,0,0,0,1,1
100,0,1,11,1,1,0,0,0,1
40,85,1,18,1,1,0,0,0,0
70,30,3,9,0,0,0,1,0,1
30,60,1,21,1,1,0,0,0,0
40,95,1,21,1,1,0,0,0,0
30,60,1,23,0,1,0,0,0,0
70,0,3,26,0,0,0,1,0,1
70,0,1,16,0,1,0,0,0,1
0,0,4,7,0,0,0,0,1,0
15,60,1,26,0,1,0,0,0,0
30,70,1,15,1,1,0,0,0,0
60,60,1,7,1,1,0,0,0,0
50,50,1,17,1,1,0,0,0,1
40,60,1,19,0,1,0,0,0,0
30,85,1,13,1,1,0,0,0,0
15,70,1,13,1,1,0,0,0,0
0,100,1,19,0,1,0,0,0,0
60,50,1,7,0,1,0,0,0,0
100,30,2,13,1,0,1,0,0,1
85,40,2,17,0,0,1,0,0,1
60,30,2,1,1,0,1,0,0,1
70,0,2,12,1,0,1,0,0,1
100,0,2,2,1,0,1,0,0,1
100,30,2,14,1,0,1,0,0,1
40,60,3,9,0,0,0,1,0,0
60,40,1,23,1,1,0,0,0,1
85,60,1,3,1,1,0,0,0,1
50,50,1,9,1,1,0,0,0,0
70,0,1,17,0,1,0,0,0,1
50,50,1,15,0,1,0,0,0,0
70,15,4,12,1,0,0,0,1,1
85,40,1,20,0,1,0,0,0,1
70,15,1,17,1,1,0,0,0,1
100,30,3,18,1,0,0,1,0,1
50,50,1,11,1,1,0,0,0,0
40,50,1,9,1,1,0,0,0,0
85,40,2,12,1,0,1,0,0,1
30,70,4,25,0,0,0,0,1,0
60,70,1,22,0,1,0,0,0,0
70,50,1,22,0,1,0,0,0,1
60,40,1,15,1,1,0,0,0,1
60,85,1,16,0,1,0,0,0,0
60,50,2,18,1,0,1,0,0,1
60,85,3,22,0,0,0,1,0,0
100,40,2,10,1,0,1,0,0,1
70,0,4,14,1,0,0,0,1,1
100,15,2,6,1,0,1,0,0,1
30,85,1,14,1,1,0,0,0,0
40,70,1,13,1,1,0,0,0,0
70,60,1,3,0,1,0,0,0,1
85,30,1,7,1,1,0,0,0,1
85,15,1,19,0,1,0,0,0,1
15,60,1,12,1,1,0,0,0,0
55,0,1,25,0,1,0,0,0,1
0,100,1,11,0,1,0,0,0,0
25,25,1,28,0,1,0,0,0,1
50,60,1,28,0,1,0,0,0,0
50,70,1,27,1,1,0,0,0,0
90,2,1,25,0,1,0,0,0,1
60,70,1,12,1,1,0,0,0,0
70,60,1,20,1,1,0,0,0,1
50,50,1,11,0,1,0,0,0,1
30,40,1,23,1,1,0,0,0,0
50,60,1,23,0,1,0,0,0,0
60,70,1,22,0,1,0,0,0,0
70,60,1,27,1,1,0,0,0,1
70,30,1,9,1,1,0,0,0,1
40,60,1,21,1,1,0,0,0,0
70,60,1,13,1,1,0,0,0,1
60,60,1,17,0,1,0,0,0,0
15,85,3,4,1,0,0,1,0,1
70,40,1,2,0,1,0,0,0,1
50,50,1,19,0,1,0,0,0,1
40,60,1,3,1,1,0,0,0,0
70,50,1,1,0,1,0,0,0,1
40,40,1,7,0,1,0,0,0,0
70,40,1,8,0,1,0,0,0,1
85,70,4,20,0,0,0,0,1,0
70,0,2,1,0,0,1,0,0,1
60,50,1,17,1,1,0,0,0,1
30,40,1,26,0,1,0,0,0,1
15,70,1,22,0,1,0,0,0,0
50,50,1,9,1,1,0,0,0,1
85,40,1,1,0,1,0,0,0,1
15,60,1,23,1,1,0,0,0,0
40,40,1,25,1,1,0,0,0,1
40,40,1,20,0,1,0,0,0,0
70,30,1,25,0,1,0,0,0,1
30,60,1,18,0,1,0,0,0,0
60,40,1,27,1,1,0,0,0,1
85,0,1,5,0,1,0,0,0,1
50,15,1,2,0,1,0,0,0,1
40,40,1,26,0,1,0,0,0,0
40,40,4,23,0,0,0,0,1,0
50,50,1,11,1,1,0,0,0,0
30,70,1,19,0,1,0,0,0,0
60,40,1,24,0,1,0,0,0,1
60,15,1,19,0,1,0,0,0,1
70,15,1,18,0,1,0,0,0,1
70,50,1,11,0,1,0,0,0,1
85,0,1,17,1,1,0,0,0,1
100,0,1,1,1,1,0,0,0,1
85,15,1,14,0,1,0,0,0,1
50,60,1,16,1,1,0,0,0,0
25,65,1,19,1,1,0,0,0,0
70,0,1,23,0,1,0,0,0,1
85,0,1,18,0,1,0,0,0,1
85,15,1,24,1,1,0,0,0,1
40,60,1,21,1,1,0,0,0,0
40,70,1,2,1,1,0,0,0,1
60,15,1,16,0,1,0,0,0,1
70,30,3,5,0,0,0,1,0,1
60,70,1,17,1,1,0,0,0,0
30,30,1,5,1,1,0,0,0,0
60,30,1,6,0,1,0,0,0,1
60,40,1,12,0,1,0,0,0,1
70,0,1,23,0,1,0,0,0,1
40,85,1,11,1,1,0,0,0,0
70,60,1,20,1,1,0,0,0,1
40,85,1,21,0,1,0,0,0,0
50,60,1,19,1,1,0,0,0,0
60,70,1,26,0,1,0,0,0,1
60,70,1,13,1,1,0,0,0,0
70,50,1,16,1,1,0,0,0,0
50,50,1,25,1,1,0,0,0,0
15,60,1,17,0,1,0,0,0,0
60,30,1,17,0,1,0,0,0,0
15,70,1,20,1,1,0,0,0,0
40,70,1,7,0,1,0,0,0,0
100,0,1,25,1,1,0,0,0,1
85,15,1,15,1,1,0,0,0,1
70,50,4,17,0,0,0,0,1,1
60,50,4,3,0,0,0,0,1,1
40,60,1,17,1,1,0,0,0,0
15,85,3,8,1,0,0,1,0,0
70,70,2,8,0,0,1,0,0,1
85,15,3,13,1,0,0,1,0,1
85,50,3,21,0,0,0,1,0,1
100,0,2,1,1,0,1,0,0,1
70,40,1,10,1,1,0,0,0,1
70,60,3,7,1,0,0,1,0,0
70,100,1,23,1,1,0,0,0,1
70,100,1,3,0,1,0,0,0,0
50,50,1,13,0,1,0,0,0,1
60,70,1,17,0,1,0,0,0,0
70,60,1,9,0,1,0,0,0,0
50,50,1,16,1,1,0,0,0,0
60,40,2,5,0,0,1,0,0,1
60,30,1,23,0,1,0,0,0,1
60,25,1,26,0,1,0,0,0,1
70,40,1,3,1,1,0,0,0,1
60,60,1,22,1,1,0,0,0,1
50,50,1,13,0,1,0,0,0,1
80,10,1,17,0,1,0,0,0,1
60,40,4,25,1,0,0,0,1,1
60,30,1,25,1,1,0,0,0,1
60,30,1,28,0,1,0,0,0,1
85,0,1,20,1,1,0,0,0,1
15,85,1,17,1,1,0,0,0,0
100,0,1,19,1,1,0,0,0,1
85,30,1,12,1,1,0,0,0,0
30,60,1,17,1,1,0,0,0,0
50,50,1,11,0,1,0,0,0,1
85,15,2,10,1,0,1,0,0,1
0,70,1,8,1,1,0,0,0,0
0,0,4,14,0,0,0,0,1,1
100,70,2,1,1,0,1,0,0,1
70,30,2,2,1,0,1,0,0,1
85,0,2,3,0,0,1,0,0,1
85,0,2,5,1,0,1,0,0,1
100,0,2,12,1,0,1,0,0,1
40,85,1,15,0,1,0,0,0,0
80,10,1,10,1,1,0,0,0,1
60,85,1,14,0,1,0,0,0,0
30,40,1,16,0,1,0,0,0,0
0,85,1,9,0,1,0,0,0,0
0,70,1,20,0,1,0,0,0,0
60,70,1,21,1,1,0,0,0,0
50,0,1,27,0,1,0,0,0,1
85,15,1,24,1,1,0,0,0,1
100,0,4,24,0,0,0,0,1,1
70,30,1,15,0,1,0,0,0,1
60,30,1,26,0,1,0,0,0,1
70,70,1,21,1,1,0,0,0,1
70,100,1,25,0,1,0,0,0,0
30,30,1,17,1,1,0,0,0,0
30,70,1,13,0,1,0,0,0,0
85,0,1,9,1,1,0,0,0,1
50,50,1,8,1,1,0,0,0,1
40,85,1,24,0,1,0,0,0,0
40,60,1,16,1,1,0,0,0,0
100,0,1,3,1,1,0,0,0,1
85,0,1,3,0,1,0,0,0,1
15,70,1,7,1,1,0,0,0,0
70,40,1,8,0,1,0,0,0,1
60,100,1,21,1,1,0,0,0,0
70,30,1,27,0,1,0,0,0,1
45,50,1,21,0,1,0,0,0,0
30,85,1,9,0,1,0,0,0,0
60,40,1,19,1,1,0,0,0,1
70,85,2,1,1,0,1,0,0,1
15,70,1,15,0,1,0,0,0,0
30,50,1,12,0,1,0,0,0,0
0,100,1,3,0,1,0,0,0,0
65,65,1,1,1,1,0,0,0,1
60,60,1,21,1,1,0,0,0,1
85,40,1,21,1,1,0,0,0,1
85,70,1,7,0,1,0,0,0,1
100,60,3,22,0,0,0,1,0,1
0,85,1,23,0,1,0,0,0,0
60,60,1,27,1,1,0,0,0,0
70,60,1,13,0,1,0,0,0,1
40,60,1,20,1,1,0,0,0,0
30,70,1,15,0,1,0,0,0,0
100,0,1,18,0,1,0,0,0,1
60,30,1,11,0,1,0,0,0,1
0,85,1,13,1,1,0,0,0,0
70,0,3,6,1,0,0,1,0,1
0,85,1,23,1,1,0,0,0,0
15,85,1,2,0,1,0,0,0,0
15,70,1,25,0,1,0,0,0,0
85,15,1,11,1,1,0,0,0,1
70,40,1,21,1,1,0,0,0,1
70,30,3,9,0,0,0,1,0,1
50,85,1,8,1,1,0,0,0,0
30,85,1,13,1,1,0,0,0,0
100,0,1,5,1,1,0,0,0,1
40,50,1,11,1,1,0,0,0,0
95,70,1,12,1,1,0,0,0,1
50,50,3,11,0,0,0,1,0,1
70,40,4,14,0,0,0,0,1,1
50,50,1,8,1,1,0,0,0,1
70,15,1,11,0,1,0,0,0,1
75,35,1,1,1,1,0,0,0,1
70,0,2,2,0,0,1,0,0,1
8,7,2,3,0,0,1,0,0,1
85,50,2,2,1,0,1,0,0,1
100,0,2,3,0,0,1,0,0,1
60,100,4,24,0,0,0,0,1,0
60,0,3,14,1,0,0,1,0,1
60,30,3,11,0,0,0,1,0,1
100,70,3,11,0,0,0,1,0,1
50,50,3,10,1,0,0,1,0,1
100,0,3,17,0,0,0,1,0,1
70,30,3,14,1,0,0,1,0,1
50,15,3,1,0,0,0,1,0,1
100,0,3,18,1,0,0,1,0,1
100,15,3,16,1,0,0,1,0,1
85,60,3,3,0,0,0,1,0,1
70,50,3,11,0,0,0,1,0,1
85,40,3,3,1,0,0,1,0,1
50,50,3,18,1,0,0,1,0,0
60,60,3,20,0,0,0,1,0,1
100,50,3,9,0,0,0,1,0,1
40,60,3,22,1,0,0,1,0,0
70,50,3,18,0,0,0,1,0,1
50,50,3,15,1,0,0,1,0,1
85,60,3,23,1,0,0,1,0,1
60,40,3,21,0,0,0,1,0,1
40,60,3,23,0,0,0,1,0,0
100,50,3,13,1,0,0,1,0,1
85,15,3,25,0,0,0,1,0,1
100,50,1,1,1,1,0,0,0,1
60,40,3,18,1,0,0,1,0,1
60,50,3,21,0,0,0,1,0,1
100,15,2,12,0,0,1,0,0,1
70,15,2,23,0,0,1,0,0,1
100,0,2,11,1,0,1,0,0,1
85,0,2,18,0,0,1,0,0,1
100,0,2,12,1,0,1,0,0,1
100,40,2,7,1,0,1,0,0,1
100,40,2,1,0,0,1,0,0,1
-2,50,2,1,0,0,1,0,0,1
100,0,2,2,0,0,1,0,0,1
70,70,2,13,1,0,1,0,0,1
50,50,2,15,1,0,1,0,0,1
70,30,2,18,1,0,1,0,0,1
70,50,2,16,1,0,1,0,0,1
100,0,2,13,1,0,1,0,0,1
85,15,2,23,0,0,1,0,0,1
60,40,2,22,1,0,1,0,0,1
70,15,2,20,0,0,1,0,0,1
85,50,2,18,0,0,1,0,0,1
100,50,2,12,1,0,1,0,0,1
85,15,2,15,0,0,1,0,0,1
85,50,2,12,1,0,1,0,0,1
85,0,2,8,1,0,1,0,0,1
100,0,2,13,1,0,1,0,0,1
70,15,2,13,0,0,1,0,0,1
70,40,2,22,1,0,1,0,0,1
85,0,2,11,1,0,1,0,0,1
85,40,2,7,0,0,1,0,0,1
85,50,2,11,1,0,1,0,0,1
85,50,2,19,1,0,1,0,0,1
60,30,2,19,0,0,1,0,0,1
100,15,2,3,1,0,1,0,0,1
90,30,2,14,1,0,1,0,0,1
70,60,4,13,0,0,0,0,1,1
85,0,2,1,1,0,1,0,0,1
85,40,2,14,1,0,1,0,0,1
70,50,2,13,1,0,1,0,0,1
100,50,2,9,1,0,1,0,0,1
85,0,2,14,0,0,1,0,0,1
70,60,2,9,0,0,1,0,0,1
85,60,2,9,0,0,1,0,0,1
60,45,4,28,0,0,0,0,1,1
100,0,2,19,1,0,1,0,0,1
100,5,2,7,1,0,1,0,0,1
100,50,2,13,1,0,1,0,0,1
100,0,2,19,1,0,1,0,0,1
70,30,4,5,0,0,0,0,1,1
85,60,2,2,1,0,1,0,0,1
50,50,3,8,1,0,0,1,0,1
60,60,3,13,1,0,0,1,0,0
0,100,3,12,0,0,0,1,0,0
85,15,3,1,1,0,0,1,0,1
70,60,3,22,1,0,0,1,0,1
60,60,3,3,0,0,0,1,0,1
50,60,3,13,1,0,0,1,0,0
60,40,3,12,1,0,0,1,0,0
100,60,3,27,0,0,0,1,0,1
100,20,3,5,1,0,0,1,0,1
100,0,2,9,1,0,1,0,0,1
100,0,2,5,1,0,1,0,0,1
85,0,2,5,1,0,1,0,0,1
50,50,2,9,0,0,1,0,0,1
100,0,4,7,1,0,0,0,1,1
60,15,2,3,0,0,1,0,0,1
85,40,2,18,1,0,1,0,0,1
85,0,1,16,1,1,0,0,0,1
70,40,3,23,1,0,0,1,0,1
95,50,3,10,0,0,0,1,0,1
40,70,3,19,0,0,0,1,0,0
70,30,3,15,0,0,0,1,0,1
100,60,3,17,0,0,0,1,0,1
100,15,3,8,1,0,0,1,0,1
85,50,4,11,1,0,0,0,1,1
60,85,3,12,1,0,0,1,0,0
85,60,3,22,0,0,0,1,0,1
50,50,1,22,1,1,0,0,0,0
0,70,3,9,0,0,0,1,0,0
0,60,3,15,1,0,0,1,0,0
0,70,4,13,0,0,0,0,1,0
86,50,3,12,0,0,0,1,0,1
80,50,3,10,0,0,0,1,0,1
85,0,3,14,1,0,0,1,0,1
60,0,3,10,1,0,0,1,0,1
50,85,3,13,1,0,0,1,0,0
70,30,3,3,0,0,0,1,0,1
100,50,3,18,1,0,0,1,0,1
60,0,2,12,0,0,1,0,0,1
-9,-9,2,6,1,0,1,0,0,1
100,0,3,9,1,0,0,1,0,1
100,0,3,9,1,0,0,1,0,1
85,60,3,12,1,0,0,1,0,1
70,0,1,23,1,1,0,0,0,1
50,50,1,19,0,1,0,0,0,1
85,30,1,28,1,1,0,0,0,1
60,40,1,2,1,1,0,0,0,1
60,60,1,19,1,1,0,0,0,0
70,50,1,21,0,1,0,0,0,1
70,15,3,23,1,0,0,1,0,1
60,40,1,28,1,1,0,0,0,0
100,70,4,28,1,0,0,0,1,1
30,60,1,23,0,1,0,0,0,0
70,40,3,21,1,0,0,1,0,1
85,15,3,27,1,0,0,1,0,1
75,40,1,19,0,1,0,0,0,1
60,40,1,12,1,1,0,0,0,1
85,50,2,11,1,0,1,0,0,1
100,15,2,3,1,0,1,0,0,1
50,70,1,18,0,1,0,0,0,0
85,30,3,6,1,0,0,1,0,1
100,15,3,9,1,0,0,1,0,1
70,50,3,28,1,0,0,1,0,1
60,70,3,9,1,0,0,1,0,1
50,40,1,23,0,1,0,0,0,1
85,15,3,23,0,0,0,1,0,1
60,30,1,3,0,1,0,0,0,1
30,60,1,23,1,1,0,0,0,0
80,15,2,1,0,0,1,0,0,1
50,30,3,23,0,0,0,1,0,1
85,15,3,17,1,0,0,1,0,1
70,85,3,9,0,0,0,1,0,1
60,40,1,12,0,1,0,0,0,1
100,0,1,20,1,1,0,0,0,1
85,15,3,15,1,0,0,1,0,1
85,15,3,1,0,0,0,1,0,1
70,70,3,14,0,0,0,1,0,1
70,50,3,12,0,0,0,1,0,1
40,60,3,7,1,0,0,1,0,1
100,70,3,13,0,0,0,1,0,1
85,40,3,20,1,0,0,1,0,1
85,0,3,1,1,0,0,1,0,1
40,40,1,21,0,1,0,0,0,1
70,30,1,15,1,1,0,0,0,1
60,50,3,18,1,0,0,1,0,1
100,0,3,5,1,0,0,1,0,1
60,60,3,11,0,0,0,1,0,1
70,15,3,17,1,0,0,1,0,1
60,30,3,12,0,0,0,1,0,1
50,60,3,18,1,0,0,1,0,1
100,70,3,2,1,0,0,1,0,1
85,0,1,23,1,1,0,0,0,0
60,15,3,2,1,0,0,1,0,1
70,15,3,19,1,0,0,1,0,1
0,30,1,12,1,1,0,0,0,0
30,60,3,24,0,0,0,1,0,0
100,0,2,7,1,0,1,0,0,1
75,25,3,15,1,0,0,1,0,1
100,-2,2,9,1,0,1,0,0,1
40,40,1,11,1,1,0,0,0,0
100,0,2,16,0,0,1,0,0,1
100,0,2,12,1,0,1,0,0,1
100,30,2,13,1,0,1,0,0,1
15,70,1,13,0,1,0,0,0,0
15,50,1,5,1,1,0,0,0,0
70,15,3,13,1,0,0,1,0,1
100,0,2,13,1,0,1,0,0,1
70,30,3,20,1,0,0,1,0,1
60,15,1,6,1,1,0,0,0,1
70,15,3,6,0,0,0,1,0,1
85,50,3,23,1,0,0,1,0,1
100,0,3,2,1,0,0,1,0,1
75,60,3,15,1,0,0,1,0,1
100,50,2,16,1,0,1,0,0,1
50,85,3,3,1,0,0,1,0,0
15,100,3,1,1,0,0,1,0,0
100,0,3,1,0,0,0,1,0,1
85,0,3,14,1,0,0,1,0,1
85,30,2,7,1,0,1,0,0,1
100,0,2,5,1,0,1,0,0,1
60,30,1,8,1,1,0,0,0,1
30,50,1,20,1,1,0,0,0,0
85,30,3,1,0,0,0,1,0,1
0,90,1,11,1,1,0,0,0,0
60,0,3,19,1,0,0,1,0,1
0,50,1,24,0,1,0,0,0,0
100,15,4,25,1,0,0,0,1,1
50,70,1,12,0,1,0,0,0,0
50,60,1,14,0,1,0,0,0,1
50,70,1,14,1,1,0,0,0,0
50,60,1,16,1,1,0,0,0,0
15,60,1,23,0,1,0,0,0,0
60,70,1,21,1,1,0,0,0,0
15,100,1,1,1,1,0,0,0,0
85,50,2,13,0,0,1,0,0,1
60,40,2,8,1,0,1,0,0,1
60,30,2,11,1,0,1,0,0,1
100,0,2,5,1,0,1,0,0,1
-2,-2,2,2,1,0,1,0,0,1
50,60,3,4,0,0,0,1,0,1
70,30,1,3,1,1,0,0,0,1
90,40,3,13,1,0,0,1,0,1
60,30,1,9,1,1,0,0,0,1
60,0,1,11,1,1,0,0,0,1
100,0,4,5,0,0,0,0,1,1
0,70,1,9,1,1,0,0,0,0
60,60,1,11,0,1,0,0,0,1
50,60,1,22,0,1,0,0,0,0
85,70,3,6,0,0,0,1,0,1
100,0,3,1,1,0,0,1,0,1
70,15,3,3,1,0,0,1,0,1
85,30,3,11,0,0,0,1,0,1
85,30,1,14,0,1,0,0,0,1
40,70,1,19,0,1,0,0,0,0
1,85,1,7,0,1,0,0,0,0
70,30,1,13,0,1,0,0,0,1
10,60,1,18,0,1,0,0,0,0
40,60,1,12,1,1,0,0,0,0
50,30,1,25,0,1,0,0,0,1
50,60,1,24,0,1,0,0,0,0
60,70,1,11,1,1,0,0,0,0
0,60,1,18,1,1,0,0,0,0
0,100,1,17,1,1,0,0,0,0
60,40,1,11,1,1,0,0,0,1
85,30,1,20,0,1,0,0,0,1
30,85,1,17,1,1,0,0,0,0
70,50,1,12,0,1,0,0,0,1
85,30,1,11,1,1,0,0,0,0
15,50,1,17,0,1,0,0,0,0
100,0,1,22,1,1,0,0,0,1
100,30,3,14,1,0,0,1,0,1
40,60,4,2,0,0,0,0,1,1
70,15,1,12,0,1,0,0,0,1
15,35,1,28,1,1,0,0,0,0
85,0,2,2,0,0,1,0,0,1
0,100,1,5,0,1,0,0,0,0
60,50,1,4,1,1,0,0,0,0
100,50,2,11,1,0,1,0,0,1
85,15,2,15,0,0,1,0,0,1
60,0,2,1,1,0,1,0,0,1
50,50,4,15,0,0,0,0,1,1
85,0,2,23,1,0,1,0,0,1
50,60,1,9,1,1,0,0,0,0
100,0,2,12,1,0,1,0,0,1
100,0,2,11,1,0,1,0,0,1
100,0,2,5,1,0,1,0,0,1
100,0,2,13,0,0,1,0,0,1
100,0,2,17,1,0,1,0,0,1
90,15,2,17,1,0,1,0,0,1
60,50,2,13,0,0,1,0,0,1
100,15,2,19,0,0,1,0,0,1
50,0,2,18,0,0,1,0,0,1
100,40,2,4,1,0,1,0,0,1
40,50,2,3,1,0,1,0,0,1
99,99,2,9,0,0,1,0,0,1
85,0,2,5,1,0,1,0,0,1
100,0,2,1,0,0,1,0,0,1
100,0,2,12,1,0,1,0,0,1
85,15,2,3,1,0,1,0,0,1
100,0,2,1,0,0,1,0,0,1
60,0,2,21,0,0,1,0,0,1
100,15,2,22,1,0,1,0,0,1
100,0,2,7,1,0,1,0,0,1
85,40,2,14,1,0,1,0,0,1
85,15,2,7,1,0,1,0,0,1
85,50,2,2,1,0,1,0,0,1
100,0,2,13,1,0,1,0,0,1
100,50,2,13,1,0,1,0,0,1
70,0,2,11,1,0,1,0,0,1
60,30,2,1,0,0,1,0,0,1
60,30,2,1,1,0,1,0,0,1
85,30,2,12,1,0,1,0,0,1
85,50,4,7,1,0,0,0,1,1
85,30,2,7,0,0,1,0,0,1
70,70,1,17,1,1,0,0,0,0
40,70,1,15,1,1,0,0,0,0
60,100,2,3,0,0,1,0,0,0
30,50,2,2,1,0,1,0,0,1
70,40,2,21,1,0,1,0,0,1
30,40,4,9,1,0,0,0,1,1
100,0,2,14,0,0,1,0,0,1
50,15,1,4,0,1,0,0,0,1
50,50,1,12,1,1,0,0,0,1
50,70,1,3,1,1,0,0,0,0
100,0,1,24,1,1,0,0,0,1
70,15,1,27,1,1,0,0,0,1
50,60,1,12,1,1,0,0,0,0
50,50,1,12,0,1,0,0,0,0
100,0,1,13,0,1,0,0,0,1
30,70,1,2,0,1,0,0,0,0
70,70,1,13,0,1,0,0,0,0
0,100,1,7,1,1,0,0,0,0
85,15,1,13,0,1,0,0,0,1
100,0,1,12,1,1,0,0,0,1
50,50,1,8,1,1,0,0,0,1
100,50,1,19,1,1,0,0,0,1
85,0,4,10,1,0,0,0,1,1
100,0,2,10,0,0,1,0,0,1
50,0,3,9,0,0,0,1,0,1
70,0,1,21,1,1,0,0,0,1
60,0,1,17,1,1,0,0,0,1
70,30,1,23,0,1,0,0,0,1
50,50,1,23,1,1,0,0,0,0
85,30,1,12,1,1,0,0,0,1
85,60,2,17,1,0,1,0,0,1
60,30,1,13,1,1,0,0,0,1
85,0,1,12,0,1,0,0,0,1
100,40,2,5,1,0,1,0,0,1
85,30,2,9,1,0,1,0,0,1
100,0,2,23,1,0,1,0,0,1
90,0,2,13,1,0,1,0,0,1
70,0,2,9,0,0,1,0,0,1
30,70,1,9,0,1,0,0,0,0
85,30,1,7,1,1,0,0,0,1
85,40,1,4,0,1,0,0,0,1
70,40,1,11,0,1,0,0,0,1
50,85,1,15,0,1,0,0,0,0
0,85,1,11,0,1,0,0,0,0
60,85,1,9,0,1,0,0,0,0
15,85,1,16,0,1,0,0,0,0
85,50,4,8,0,0,0,0,1,1
70,40,4,3,1,0,0,0,1,1
30,70,1,21,1,1,0,0,0,0
86,15,1,4,0,1,0,0,0,1
70,30,1,5,0,1,0,0,0,1
30,100,1,13,1,1,0,0,0,0
15,70,1,20,0,1,0,0,0,0
50,50,1,5,1,1,0,0,0,0
50,50,1,9,1,1,0,0,0,1
0,90,1,15,1,1,0,0,0,0
15,85,1,13,1,1,0,0,0,0
-8,85,1,13,1,1,0,0,0,0
85,30,1,19,0,1,0,0,0,1
40,60,1,23,0,1,0,0,0,0
30,70,1,1,1,1,0,0,0,0
60,60,1,21,1,1,0,0,0,0
85,0,2,19,0,0,1,0,0,1
70,15,2,27,0,0,1,0,0,1
85,60,3,17,0,0,0,1,0,0
85,0,2,21,1,0,1,0,0,1
100,30,2,12,1,0,1,0,0,1
70,30,2,13,1,0,1,0,0,1
70,0,2,18,1,0,1,0,0,1
50,100,2,17,0,0,1,0,0,0
85,0,2,22,0,0,1,0,0,1
85,50,2,26,0,0,1,0,0,1
50,15,1,3,0,1,0,0,0,1
70,30,3,13,0,0,0,1,0,1
15,85,1,4,0,1,0,0,0,0
50,85,1,7,0,1,0,0,0,0
0,15,1,23,0,1,0,0,0,0
50,50,1,20,1,1,0,0,0,1
70,30,2,13,0,0,1,0,0,1
60,40,2,28,0,0,1,0,0,1
40,70,1,1,1,1,0,0,0,0
80,20,1,6,1,1,0,0,0,1
40,30,1,28,0,1,0,0,0,0
30,70,1,28,1,1,0,0,0,0
30,20,1,15,0,1,0,0,0,1
85,60,1,13,1,1,0,0,0,1
70,40,4,11,0,0,0,0,1,1
70,60,2,5,0,0,1,0,0,1
60,50,1,1,0,1,0,0,0,1
60,30,2,7,0,0,1,0,0,1
50,100,2,7,0,0,1,0,0,0
100,40,4,13,1,0,0,0,1,1
65,90,1,6,1,1,0,0,0,0
100,0,4,3,1,0,0,0,1,1
70,60,1,15,1,1,0,0,0,1
100,50,4,1,1,0,0,0,1,1
85,85,2,4,1,0,1,0,0,1
85,15,2,13,1,0,1,0,0,1
60,40,4,2,1,0,0,0,1,1
70,60,1,7,1,1,0,0,0,1
70,30,2,7,1,0,1,0,0,1
50,50,2,23,1,0,1,0,0,1
100,0,2,21,0,0,1,0,0,1
100,0,2,3,1,0,1,0,0,1
0,0,4,3,0,0,0,0,1,1
100,0,2,4,1,0,1,0,0,1
100,60,4,1,1,0,0,0,1,1
50,50,2,24,1,0,1,0,0,1
100,40,2,10,1,0,1,0,0,1
85,30,2,17,0,0,1,0,0,1
100,0,2,21,1,0,1,0,0,1
100,40,2,3,1,0,1,0,0,1
100,0,2,11,1,0,1,0,0,1
100,0,2,7,1,0,1,0,0,1
85,15,2,11,0,0,1,0,0,1
85,30,2,18,0,0,1,0,0,1
75,50,2,2,0,0,1,0,0,1
85,15,3,10,0,0,0,1,0,1
100,0,2,7,1,0,1,0,0,1
85,70,2,1,1,0,1,0,0,1
85,15,2,21,0,0,1,0,0,1
90,15,2,21,0,0,1,0,0,1
100,0,2,6,1,0,1,0,0,1
70,50,2,12,1,0,1,0,0,1
100,50,2,6,1,0,1,0,0,1
100,50,2,18,1,0,1,0,0,1
100,50,2,4,1,0,1,0,0,1
85,30,4,2,1,0,0,0,1,1
100,0,2,7,1,0,1,0,0,1
100,15,2,8,1,0,1,0,0,1
40,60,2,11,1,0,1,0,0,0
60,15,2,8,0,0,1,0,0,1
15,70,1,27,1,1,0,0,0,0
15,85,4,17,0,0,0,0,1,0
50,100,1,17,1,1,0,0,0,1
50,60,1,1,1,1,0,0,0,0
30,85,1,14,0,1,0,0,0,0
70,85,1,10,1,1,0,0,0,1
30,15,4,18,0,0,0,0,1,1
40,60,1,24,0,1,0,0,0,0
50,60,1,21,1,1,0,0,0,0
50,50,1,10,0,1,0,0,0,1
95,30,1,14,1,1,0,0,0,1
60,70,1,10,1,1,0,0,0,0
100,0,1,15,1,1,0,0,0,1
85,35,1,2,1,1,0,0,0,1
15,70,1,28,1,1,0,0,0,0
40,70,1,8,1,1,0,0,0,0
50,0,1,1,1,1,0,0,0,1
30,40,1,25,1,1,0,0,0,0
85,40,1,12,1,1,0,0,0,1
0,85,1,4,1,1,0,0,0,0
40,60,1,15,0,1,0,0,0,0
50,50,1,20,1,1,0,0,0,0
50,50,1,13,0,1,0,0,0,0
50,50,1,7,1,1,0,0,0,0
40,70,1,23,0,1,0,0,0,0
100,0,1,13,0,1,0,0,0,1
0,60,1,22,0,1,0,0,0,0
15,85,1,7,1,1,0,0,0,0
0,15,1,11,0,1,0,0,0,0
50,50,1,1,1,1,0,0,0,1
60,40,1,12,1,1,0,0,0,1
30,30,1,19,0,1,0,0,0,0
60,40,3,17,0,0,0,1,0,1
60,50,2,2,1,0,1,0,0,1
100,30,2,13,0,0,1,0,0,1
70,30,2,12,0,0,1,0,0,1
70,15,2,11,1,0,1,0,0,1
70,15,2,18,1,0,1,0,0,1
100,0,2,7,1,0,1,0,0,1
100,0,2,1,1,0,1,0,0,1
100,0,2,1,1,0,1,0,0,1
85,50,2,6,1,0,1,0,0,1
85,60,2,11,1,0,1,0,0,1
85,0,2,19,1,0,1,0,0,1
100,40,2,11,0,0,1,0,0,1
100,0,2,12,1,0,1,0,0,1
100,15,2,20,1,0,1,0,0,1
100,0,2,4,1,0,1,0,0,1
70,60,2,20,1,0,1,0,0,1
100,0,2,9,1,0,1,0,0,1
90,30,2,18,1,0,1,0,0,1
85,15,2,9,1,0,1,0,0,1
85,30,2,15,1,0,1,0,0,1
85,0,2,22,1,0,1,0,0,1
15,15,2,15,1,0,1,0,0,1
30,85,2,19,1,0,1,0,0,1
60,30,2,6,1,0,1,0,0,1
60,15,2,7,1,0,1,0,0,1
70,30,2,11,1,0,1,0,0,1
100,0,2,12,1,0,1,0,0,1
70,30,1,10,0,1,0,0,0,1
85,70,1,22,0,1,0,0,0,1
40,60,1,15,0,1,0,0,0,0
85,0,2,1,0,0,1,0,0,1
100,15,2,10,0,0,1,0,0,1
70,50,2,12,0,0,1,0,0,1
40,30,2,3,1,0,1,0,0,1
85,40,2,10,1,0,1,0,0,1
100,60,2,1,1,0,1,0,0,1
85,30,2,10,0,0,1,0,0,1
85,60,2,5,1,0,1,0,0,1
85,40,2,7,1,0,1,0,0,1
70,30,2,12,1,0,1,0,0,1
85,0,2,1,1,0,1,0,0,1
60,30,2,5,0,0,1,0,0,1
85,60,2,6,0,0,1,0,0,1
85,0,2,13,0,0,1,0,0,1
100,0,2,8,0,0,1,0,0,1
100,0,2,3,0,0,1,0,0,1
70,0,2,9,1,0,1,0,0,1
85,50,2,2,1,0,1,0,0,1
100,0,2,7,1,0,1,0,0,1
100,15,2,1,1,0,1,0,0,1
100,50,2,1,1,0,1,0,0,1
100,0,2,3,1,0,1,0,0,1
70,50,2,18,1,0,1,0,0,1
70,70,2,19,1,0,1,0,0,1
85,30,2,13,1,0,1,0,0,1
85,0,3,1,1,0,0,1,0,1
15,70,1,15,0,1,0,0,0,0
30,75,1,21,1,1,0,0,0,0
30,40,1,25,1,1,0,0,0,0
60,15,1,23,0,1,0,0,0,1
0,85,1,27,1,1,0,0,0,0
50,50,1,27,0,1,0,0,0,0
60,40,3,17,1,0,0,1,0,0
40,65,1,28,0,1,0,0,0,0
9,10,1,27,0,1,0,0,0,1
30,85,1,25,1,1,0,0,0,0
50,70,1,21,1,1,0,0,0,0
15,40,1,26,0,1,0,0,0,0
10,25,1,27,0,1,0,0,0,0
60,10,1,22,1,1,0,0,0,1
15,100,1,25,1,1,0,0,0,0
85,50,2,15,1,0,1,0,0,1
0,85,1,17,1,1,0,0,0,0
40,70,1,25,0,1,0,0,0,0
70,15,3,1,0,0,0,1,0,1
15,70,4,11,0,0,0,0,1,0
100,50,2,11,1,0,1,0,0,1
85,0,2,5,0,0,1,0,0,1
100,0,2,12,1,0,1,0,0,1
100,50,2,1,1,0,1,0,0,1
70,40,2,16,0,0,1,0,0,1
85,0,2,6,1,0,1,0,0,1
60,100,2,1,1,0,1,0,0,1
100,0,2,2,1,0,1,0,0,1
100,30,2,7,1,0,1,0,0,1
50,60,3,1,1,0,0,1,0,1
70,15,3,22,1,0,0,1,0,1
85,100,3,23,1,0,0,1,0,1
100,0,3,2,1,0,0,1,0,1
0,85,1,12,1,1,0,0,0,0
50,50,3,11,0,0,0,1,0,1
70,40,1,22,0,1,0,0,0,1
60,50,3,24,0,0,0,1,0,1
100,15,3,18,0,0,0,1,0,1
85,30,3,21,0,0,0,1,0,1
0,80,3,10,0,0,0,1,0,0
15,85,3,5,1,0,0,1,0,0
50,60,3,15,0,0,0,1,0,1
85,75,3,14,1,0,0,1,0,1
80,40,3,4,1,0,0,1,0,1
70,30,3,21,0,0,0,1,0,1
100,0,2,12,1,0,1,0,0,1
100,0,2,11,0,0,1,0,0,1
70,70,3,1,1,0,0,1,0,0
60,15,2,13,1,0,1,0,0,1
100,0,2,4,0,0,1,0,0,1
-8,-8,3,5,1,0,0,1,0,1
60,40,2,17,0,0,1,0,0,1
70,70,3,14,1,0,0,1,0,1
85,35,3,12,1,0,0,1,0,1
85,0,3,15,0,0,0,1,0,1
50,50,3,12,0,0,0,1,0,1
60,85,3,11,0,0,0,1,0,0
0,70,3,7,0,0,0,1,0,0
60,60,1,23,0,1,0,0,0,1
85,0,1,15,1,1,0,0,0,1
70,60,2,22,0,0,1,0,0,1
100,15,2,9,1,0,1,0,0,1
85,40,2,4,1,0,1,0,0,1
100,0,2,27,1,0,1,0,0,1
0,100,1,11,0,1,0,0,0,0
85,15,2,3,0,0,1,0,0,1
85,40,1,25,0,1,0,0,0,1
70,15,1,22,0,1,0,0,0,1
0,30,1,21,0,1,0,0,0,0
70,60,1,7,1,1,0,0,0,1
60,30,1,24,0,1,0,0,0,1
60,50,1,23,1,1,0,0,0,1
40,40,1,18,1,1,0,0,0,0
30,70,1,5,1,1,0,0,0,0
85,15,1,1,1,1,0,0,0,1
60,30,3,1,0,0,0,1,0,1
85,30,1,2,1,1,0,0,0,1
50,50,3,12,1,0,0,1,0,1
85,70,3,3,1,0,0,1,0,1
40,85,3,13,1,0,0,1,0,0
70,60,3,7,1,0,0,1,0,1
50,60,1,15,1,1,0,0,0,0
85,15,1,10,1,1,0,0,0,1
60,60,1,13,1,1,0,0,0,0
40,70,4,17,1,0,0,0,1,0
100,0,1,28,1,1,0,0,0,1
50,50,4,23,0,0,0,0,1,0
70,15,4,4,0,0,0,0,1,1
70,65,3,13,0,0,0,1,0,1
70,50,4,4,0,0,0,0,1,1
30,85,1,13,1,1,0,0,0,0
50,50,1,17,1,1,0,0,0,0
15,60,1,15,1,1,0,0,0,0
70,50,2,3,1,0,1,0,0,1
60,70,1,5,1,1,0,0,0,0
15,85,1,1,0,1,0,0,0,0
70,0,2,3,1,0,1,0,0,1
0,85,1,1,1,1,0,0,0,0
15,100,1,14,1,1,0,0,0,0
50,50,1,7,1,1,0,0,0,1
70,60,1,1,1,1,0,0,0,0
85,15,3,13,1,0,0,1,0,1
100,50,3,3,1,0,0,1,0,1
40,85,1,14,0,1,0,0,0,0
50,50,4,21,1,0,0,0,1,0
85,40,3,24,0,0,0,1,0,1
15,70,1,14,1,1,0,0,0,0
60,40,3,17,0,0,0,1,0,1
40,50,4,27,0,0,0,0,1,0
0,100,1,16,0,1,0,0,0,0
70,50,1,16,1,1,0,0,0,1
85,15,1,22,1,1,0,0,0,1
85,15,3,13,0,0,0,1,0,1
70,50,1,14,0,1,0,0,0,1
0,70,1,13,1,1,0,0,0,0
50,70,3,17,0,0,0,1,0,0
30,60,1,19,1,1,0,0,0,0
85,40,2,22,1,0,1,0,0,1
100,0,1,4,0,1,0,0,0,1
100,0,2,2,1,0,1,0,0,1
0,70,1,18,1,1,0,0,0,0
40,85,1,7,1,1,0,0,0,0
60,70,1,21,1,1,0,0,0,0
70,15,2,14,1,0,1,0,0,1
85,40,2,5,1,0,1,0,0,1
85,50,2,15,0,0,1,0,0,1
100,0,2,9,1,0,1,0,0,1
100,15,4,15,1,0,0,0,1,1
60,15,2,8,1,0,1,0,0,1
70,0,2,3,0,0,1,0,0,1
15,40,1,27,0,1,0,0,0,0
30,50,1,27,1,1,0,0,0,0
60,70,1,19,0,1,0,0,0,0
60,15,1,27,0,1,0,0,0,1
75,50,1,21,0,1,0,0,0,0
15,60,1,27,0,1,0,0,0,0
85,0,1,12,0,1,0,0,0,1
15,100,3,2,1,0,0,1,0,0
60,70,4,5,0,0,0,0,1,1
100,50,2,22,1,0,1,0,0,1
60,70,1,21,1,1,0,0,0,0
60,70,4,28,1,0,0,0,1,0
85,50,2,3,1,0,1,0,0,1
85,0,2,1,1,0,1,0,0,1
85,40,1,8,1,1,0,0,0,0
30,60,1,11,1,1,0,0,0,0
50,50,1,25,1,1,0,0,0,0
50,30,1,27,0,1,0,0,0,1
60,40,1,26,1,1,0,0,0,1
50,50,1,12,1,1,0,0,0,0
85,50,4,6,1,0,0,0,1,0
40,60,1,14,0,1,0,0,0,0
85,85,3,26,1,0,0,1,0,0
15,50,3,20,1,0,0,1,0,0
0,60,1,23,0,1,0,0,0,0
50,50,1,15,0,1,0,0,0,0
85,60,1,25,1,1,0,0,0,1
50,15,3,18,0,0,0,1,0,1
30,30,3,1,0,0,0,1,0,1
70,40,3,12,1,0,0,1,0,1
70,30,1,5,1,1,0,0,0,1
15,85,1,12,0,1,0,0,0,0
85,15,3,12,1,0,0,1,0,1
70,30,4,22,1,0,0,0,1,1
100,15,2,15,1,0,1,0,0,1
50,50,3,8,1,0,0,1,0,1
60,70,1,5,1,1,0,0,0,1
60,10,3,2,0,0,0,1,0,1
40,70,1,12,0,1,0,0,0,0
40,70,1,9,1,1,0,0,0,0
85,0,2,7,1,0,1,0,0,1
70,50,4,2,1,0,0,0,1,1
30,85,1,24,0,1,0,0,0,0
30,30,1,23,1,1,0,0,0,0
40,70,1,27,0,1,0,0,0,0
70,15,1,1,1,1,0,0,0,1
30,70,1,12,1,1,0,0,0,0
60,30,1,11,1,1,0,0,0,1
100,0,2,20,1,0,1,0,0,1
85,0,2,1,1,0,1,0,0,1
85,15,2,16,1,0,1,0,0,1
0,60,2,19,0,0,1,0,0,0
100,0,1,4,1,1,0,0,0,1
0,95,1,5,1,1,0,0,0,0
50,60,1,6,0,1,0,0,0,0
50,50,1,11,1,1,0,0,0,1
60,0,1,22,0,1,0,0,0,1
15,85,1,21,1,1,0,0,0,0
85,15,2,15,1,0,1,0,0,1
50,70,1,22,1,1,0,0,0,0
60,30,2,1,0,0,1,0,0,1
85,50,2,9,1,0,1,0,0,1
85,15,2,1,1,0,1,0,0,1
85,0,2,8,1,0,1,0,0,1
85,50,2,26,0,0,1,0,0,1
85,15,2,3,1,0,1,0,0,1
15,15,1,17,1,1,0,0,0,0
50,50,1,16,0,1,0,0,0,1
60,40,4,12,1,0,0,0,1,1
60,15,1,11,1,1,0,0,0,1
15,15,4,3,1,0,0,0,1,1
30,85,1,9,0,1,0,0,0,0
65,15,2,14,0,0,1,0,0,1
100,50,2,3,0,0,1,0,0,1
80,30,2,19,1,0,1,0,0,1
100,0,2,8,0,0,1,0,0,1
85,30,2,11,0,0,1,0,0,1
50,85,1,21,0,1,0,0,0,0
85,60,1,25,1,1,0,0,0,1
40,70,2,11,0,0,1,0,0,0
55,45,3,3,1,0,0,1,0,1
85,40,2,7,0,0,1,0,0,1
100,50,3,9,1,0,0,1,0,1
85,20,3,21,1,0,0,1,0,1
0,30,1,4,1,1,0,0,0,0
-8,-8,3,14,1,0,0,1,0,0
15,85,3,17,1,0,0,1,0,0
85,0,1,19,1,1,0,0,0,1
15,100,1,21,1,1,0,0,0,0
30,85,1,25,0,1,0,0,0,0
40,70,1,17,1,1,0,0,0,1
60,15,1,25,0,1,0,0,0,1
85,15,3,13,0,0,0,1,0,1
0,85,1,26,1,1,0,0,0,0
100,100,1,19,1,1,0,0,0,0
70,0,2,3,1,0,1,0,0,1
40,50,1,24,0,1,0,0,0,0
0,85,4,23,1,0,0,0,1,0
85,0,2,17,1,0,1,0,0,1
50,50,1,5,0,1,0,0,0,0
100,60,3,10,1,0,0,1,0,1
60,60,4,17,0,0,0,0,1,1
50,50,3,13,1,0,0,1,0,1
85,0,2,1,1,0,1,0,0,1
60,0,2,7,0,0,1,0,0,1
100,60,1,21,0,1,0,0,0,1
100,60,4,28,1,0,0,0,1,1
60,40,1,25,0,1,0,0,0,1
70,40,3,12,0,0,0,1,0,1
85,0,3,12,0,0,0,1,0,1
40,60,1,24,0,1,0,0,0,0
70,70,3,13,0,0,0,1,0,1
55,75,2,10,0,0,1,0,0,0
60,60,1,14,1,1,0,0,0,1
50,50,1,19,1,1,0,0,0,1
30,30,1,2,1,1,0,0,0,1
30,60,1,27,0,1,0,0,0,0
70,50,3,21,1,0,0,1,0,1
60,15,1,22,0,1,0,0,0,1
30,40,1,2,1,1,0,0,0,1
40,85,3,14,0,0,0,1,0,0
70,50,1,15,0,1,0,0,0,0
15,70,1,20,1,1,0,0,0,0
50,100,3,4,0,0,0,1,0,0
30,70,3,12,0,0,0,1,0,0
30,70,1,17,0,1,0,0,0,0
70,60,2,8,0,0,1,0,0,1
40,85,1,23,1,1,0,0,0,0
70,40,1,22,1,1,0,0,0,1
85,50,3,4,1,0,0,1,0,1
85,60,2,11,1,0,1,0,0,1
40,60,1,13,0,1,0,0,0,0
100,40,3,11,1,0,0,1,0,1
85,0,1,27,1,1,0,0,0,1
70,0,1,7,0,1,0,0,0,1
40,50,4,15,0,0,0,0,1,0
70,15,3,17,1,0,0,1,0,1
60,40,1,21,1,1,0,0,0,0
60,15,3,17,1,0,0,1,0,1
30,60,1,12,1,1,0,0,0,0
100,15,3,3,1,0,0,1,0,1
30,70,1,24,0,1,0,0,0,0
0,85,1,11,0,1,0,0,0,0
50,70,1,21,1,1,0,0,0,0
85,0,1,17,1,1,0,0,0,1
0,70,4,21,0,0,0,0,1,0
100,15,3,9,1,0,0,1,0,1
40,60,1,18,0,1,0,0,0,0
70,40,3,13,0,0,0,1,0,1
30,50,1,15,0,1,0,0,0,0
15,70,1,15,0,1,0,0,0,0
60,40,2,15,0,0,1,0,0,1
70,0,2,21,0,0,1,0,0,1
30,15,1,25,1,1,0,0,0,1
50,70,1,20,1,1,0,0,0,0
60,60,3,3,1,0,0,1,0,0
15,100,1,26,0,1,0,0,0,0
40,30,3,13,1,0,0,1,0,1
85,40,3,1,1,0,0,1,0,1
15,70,1,27,0,1,0,0,0,0
50,50,1,13,0,1,0,0,0,0
70,30,1,26,0,1,0,0,0,1
85,15,3,3,1,0,0,1,0,1
50,50,3,20,1,0,0,1,0,1
60,0,1,17,1,1,0,0,0,1
70,30,4,5,1,0,0,0,1,1
-2,-2,3,1,0,0,0,1,0,1
60,12,1,13,0,1,0,0,0,1
70,40,3,7,0,0,0,1,0,1
50,60,1,4,1,1,0,0,0,1
90,45,1,12,1,1,0,0,0,1
60,50,1,15,1,1,0,0,0,1
85,40,1,15,1,1,0,0,0,1
30,85,1,27,0,1,0,0,0,0
50,60,1,2,0,1,0,0,0,0
50,50,3,5,0,0,0,1,0,1
50,50,1,1,0,1,0,0,0,1
0,70,1,15,1,1,0,0,0,0
100,50,2,13,0,0,1,0,0,1
85,30,1,21,0,1,0,0,0,1
100,0,1,15,1,1,0,0,0,1
40,60,1,24,0,1,0,0,0,0
100,50,1,1,0,1,0,0,0,1
40,70,1,15,0,1,0,0,0,0
60,60,2,16,0,0,1,0,0,1
85,15,2,15,0,0,1,0,0,1
30,100,1,15,1,1,0,0,0,0
100,60,2,5,1,0,1,0,0,1
85,30,1,17,1,1,0,0,0,1
70,40,1,15,1,1,0,0,0,0
70,60,1,9,1,1,0,0,0,1
85,60,1,9,0,1,0,0,0,1
50,-8,1,6,1,1,0,0,0,0
50,50,4,1,0,0,0,0,1,1
60,40,1,12,1,1,0,0,0,1
50,50,3,17,1,0,0,1,0,0
70,15,4,5,0,0,0,0,1,1
0,70,1,25,0,1,0,0,0,0
85,30,4,1,1,0,0,0,1,1
70,69,2,7,1,0,1,0,0,1
60,0,1,11,1,1,0,0,0,1
10,80,1,21,0,1,0,0,0,0
12,54,1,1,0,1,0,0,0,0
23,62,1,22,0,1,0,0,0,0
20,70,1,14,0,1,0,0,0,0
50,70,1,16,0,1,0,0,0,0
50,70,3,23,0,0,0,1,0,0
0,50,1,21,0,1,0,0,0,0
60,70,2,21,0,0,1,0,0,1
15,70,1,20,0,1,0,0,0,0
85,30,1,11,1,1,0,0,0,1
85,15,1,2,0,1,0,0,0,1
100,0,2,13,1,0,1,0,0,1
40,40,1,27,0,1,0,0,0,0
85,0,3,11,0,0,0,1,0,1
85,40,1,2,0,1,0,0,0,1
30,70,1,20,0,1,0,0,0,0
45,20,1,18,0,1,0,0,0,1
60,0,1,22,1,1,0,0,0,1
60,70,3,28,0,0,0,1,0,0
50,70,3,9,0,0,0,1,0,0
60,70,1,15,1,1,0,0,0,0
85,40,2,19,0,0,1,0,0,1
40,50,1,15,0,1,0,0,0,0
80,30,1,16,0,1,0,0,0,1
50,60,1,12,1,1,0,0,0,0
0,100,1,4,1,1,0,0,0,0
15,85,1,21,0,1,0,0,0,0
70,0,1,14,0,1,0,0,0,1
0,0,1,12,0,1,0,0,0,1
70,30,2,15,1,0,1,0,0,1
85,15,1,18,1,1,0,0,0,1
0,70,4,1,0,0,0,0,1,0
0,100,1,16,0,1,0,0,0,0
10,10,1,1,1,1,0,0,0,0
65,10,1,7,0,1,0,0,0,1
100,20,2,26,0,0,1,0,0,1
12,85,4,19,0,0,0,0,1,0
60,30,1,25,0,1,0,0,0,1
70,0,1,24,1,1,0,0,0,1
85,0,4,1,0,0,0,0,1,1
20,65,1,27,1,1,0,0,0,0
0,90,1,20,0,1,0,0,0,0
30,50,1,17,0,1,0,0,0,0
60,0,1,25,1,1,0,0,0,1
50,50,1,9,1,1,0,0,0,0
15,0,1,11,0,1,0,0,0,1
40,15,1,28,0,1,0,0,0,0
0,100,1,15,0,1,0,0,0,0
70,15,3,5,0,0,0,1,0,1
15,85,1,23,1,1,0,0,0,0
85,0,1,1,0,1,0,0,0,1
30,75,1,5,1,1,0,0,0,0
60,15,1,5,1,1,0,0,0,1
100,10,1,1,1,1,0,0,0,1
90,10,2,15,0,0,1,0,0,1
15,70,4,18,0,0,0,0,1,0
100,15,1,23,1,1,0,0,0,0
70,15,1,2,1,1,0,0,0,0
0,100,3,26,1,0,0,1,0,0
85,15,3,11,0,0,0,1,0,1
15,70,1,22,0,1,0,0,0,0
100,15,3,12,1,0,0,1,0,1
50,65,1,22,1,1,0,0,0,0
85,40,3,14,0,0,0,1,0,1
80,0,4,14,1,0,0,0,1,1
50,70,1,15,1,1,0,0,0,0
85,0,1,8,1,1,0,0,0,1
15,70,1,1,1,1,0,0,0,0
92,50,1,3,1,1,0,0,0,1
60,0,1,20,0,1,0,0,0,1
70,40,1,22,1,1,0,0,0,0
70,30,4,21,1,0,0,0,1,1
0,40,1,19,0,1,0,0,0,1
40,85,1,5,1,1,0,0,0,0
65,0,1,12,1,1,0,0,0,1
60,50,2,27,0,0,1,0,0,1
40,60,1,17,1,1,0,0,0,0
60,15,1,1,0,1,0,0,0,1
0,30,1,9,1,1,0,0,0,0
70,40,2,11,0,0,1,0,0,1
21,66,1,24,0,1,0,0,0,0
50,50,1,28,1,1,0,0,0,1
0,85,1,1,0,1,0,0,0,0
70,0,4,15,0,0,0,0,1,1
70,15,2,18,0,0,1,0,0,1
70,15,1,23,0,1,0,0,0,1
85,0,1,27,1,1,0,0,0,1
60,100,1,1,1,1,0,0,0,0
85,15,1,18,0,1,0,0,0,1
40,85,1,24,1,1,0,0,0,0
30,40,1,11,1,1,0,0,0,0
15,70,3,27,0,0,0,1,0,0
0,0,1,20,1,1,0,0,0,0
85,15,4,27,0,0,0,0,1,1
75,40,2,23,0,0,1,0,0,1
15,85,1,25,1,1,0,0,0,0
68,67,3,15,1,0,0,1,0,1
60,1,1,16,1,1,0,0,0,1
100,0,2,17,1,0,1,0,0,1
40,55,1,15,0,1,0,0,0,0
50,50,1,1,0,1,0,0,0,1
5,98,1,22,1,1,0,0,0,0
0,50,3,5,1,0,0,1,0,0
50,50,1,18,0,1,0,0,0,0
60,30,3,12,0,0,0,1,0,1
85,75,1,9,1,1,0,0,0,1
45,55,1,28,0,1,0,0,0,0
30,60,1,17,0,1,0,0,0,0
70,40,4,26,0,0,0,0,1,1
20,80,1,8,0,1,0,0,0,0
70,0,1,20,1,1,0,0,0,1
55,20,3,27,0,0,0,1,0,1
5,50,1,15,1,1,0,0,0,0
50,5,1,25,0,1,0,0,0,1
40,40,1,25,1,1,0,0,0,0
70,30,1,7,0,1,0,0,0,1
60,40,4,27,0,0,0,0,1,0
70,40,3,12,0,0,0,1,0,1
85,15,1,11,0,1,0,0,0,1
0,85,1,11,0,1,0,0,0,0
70,0,1,24,1,1,0,0,0,1
100,0,1,12,1,1,0,0,0,1
30,70,1,15,1,1,0,0,0,0
10,90,1,28,1,1,0,0,0,0
30,60,1,20,1,1,0,0,0,0
75,15,1,26,0,1,0,0,0,1
30,70,4,26,0,0,0,0,1,0
40,60,1,11,1,1,0,0,0,0
60,15,1,24,0,1,0,0,0,1
15,90,1,21,1,1,0,0,0,0
50,50,1,18,1,1,0,0,0,1
55,55,1,15,1,1,0,0,0,1
0,70,1,5,0,1,0,0,0,0
0,60,1,21,0,1,0,0,0,0
15,70,1,20,0,1,0,0,0,0
30,15,1,11,0,1,0,0,0,1
40,95,1,13,1,1,0,0,0,0
0,85,1,19,0,1,0,0,0,0
75,0,1,16,1,1,0,0,0,1
40,50,4,11,0,0,0,0,1,0
55,60,1,27,0,1,0,0,0,0
85,10,1,12,1,1,0,0,0,1
40,60,1,17,1,1,0,0,0,0
45,45,1,1,1,1,0,0,0,1
5,20,1,26,0,1,0,0,0,0
60,40,1,10,1,1,0,0,0,1
90,30,1,8,0,1,0,0,0,1
100,40,2,17,1,0,1,0,0,1
85,50,2,1,1,0,1,0,0,1
30,60,4,15,0,0,0,0,1,0
20,1,1,9,0,1,0,0,0,1
100,0,1,19,1,1,0,0,0,1
70,5,1,27,1,1,0,0,0,1
60,15,1,28,0,1,0,0,0,1
85,40,2,27,1,0,1,0,0,1
90,0,1,12,1,1,0,0,0,1
50,0,2,2,0,0,1,0,0,1
5,30,1,26,0,1,0,0,0,0
100,0,2,20,1,0,1,0,0,1
90,30,1,23,1,1,0,0,0,1
35,35,3,22,1,0,0,1,0,0
0,85,1,24,0,1,0,0,0,0
30,60,1,24,0,1,0,0,0,0
85,40,1,13,0,1,0,0,0,1
75,47,1,21,0,1,0,0,0,1
15,60,1,20,1,1,0,0,0,0
2,65,1,16,1,1,0,0,0,0
100,50,2,12,1,0,1,0,0,1
0,100,1,1,1,1,0,0,0,0
22,80,1,17,0,1,0,0,0,0
30,85,1,25,1,1,0,0,0,0
0,100,3,27,1,0,0,1,0,0
79,45,4,27,1,0,0,0,1,1
60,25,1,23,1,1,0,0,0,1
0,0,3,17,0,0,0,1,0,1
5,55,1,22,0,1,0,0,0,0
35,85,1,11,0,1,0,0,0,0
40,60,1,22,1,1,0,0,0,0
60,15,3,1,1,0,0,1,0,1
75,25,1,1,0,1,0,0,0,1
5,40,1,20,1,1,0,0,0,0
70,40,2,11,1,0,1,0,0,1
50,50,1,12,1,1,0,0,0,0
30,70,1,1,1,1,0,0,0,0
50,85,1,9,0,1,0,0,0,0
30,40,1,26,1,1,0,0,0,0
93,0,2,17,0,0,1,0,0,1
30,85,1,26,1,1,0,0,0,0
55,40,1,15,0,1,0,0,0,1
100,30,3,13,1,0,0,1,0,1
85,30,1,22,1,1,0,0,0,1
0,100,1,28,1,1,0,0,0,0
0,70,1,23,0,1,0,0,0,0
15,70,1,10,1,1,0,0,0,0
50,50,1,17,1,1,0,0,0,0
70,70,2,22,1,0,1,0,0,1
40,60,1,24,1,1,0,0,0,0
85,30,2,5,1,0,1,0,0,1
30,40,1,19,0,1,0,0,0,0
15,85,1,5,1,1,0,0,0,0
30,60,1,21,0,1,0,0,0,0
50,50,1,21,1,1,0,0,0,0
90,15,1,17,0,1,0,0,0,1
40,70,1,25,1,1,0,0,0,0
30,40,1,27,1,1,0,0,0,0
95,15,1,1,0,1,0,0,0,1
100,15,1,15,1,1,0,0,0,1
15,60,3,27,0,0,0,1,0,0
20,70,1,26,0,1,0,0,0,0
60,30,1,21,0,1,0,0,0,0
40,10,1,20,0,1,0,0,0,1
50,10,1,16,1,1,0,0,0,1
2,89,1,7,0,1,0,0,0,0
60,50,1,17,0,1,0,0,0,1
0,70,1,22,1,1,0,0,0,0
75,2,2,22,1,0,1,0,0,1
35,70,1,21,1,1,0,0,0,0
50,70,1,24,0,1,0,0,0,0
85,40,4,13,0,0,0,0,1,1
0,100,1,22,0,1,0,0,0,0
90,40,1,19,0,1,0,0,0,1
30,70,1,23,1,1,0,0,0,0
85,15,1,21,1,1,0,0,0,1
0,95,1,12,1,1,0,0,0,0
30,85,1,22,1,1,0,0,0,0
70,15,1,15,0,1,0,0,0,1
55,55,3,11,0,0,0,1,0,1
50,30,3,27,0,0,0,1,0,1
0,100,1,21,1,1,0,0,0,0
55,30,3,25,1,0,0,1,0,0
0,85,1,28,0,1,0,0,0,0
75,10,1,23,1,1,0,0,0,1
55,35,1,15,1,1,0,0,0,1
0,55,1,11,0,1,0,0,0,0
65,55,1,20,1,1,0,0,0,1
85,15,1,15,0,1,0,0,0,1
85,15,1,5,1,1,0,0,0,1
30,85,1,16,0,1,0,0,0,0
50,50,1,18,1,1,0,0,0,0
75,10,4,17,1,0,0,0,1,1
40,80,1,19,0,1,0,0,0,0
50,0,1,11,1,1,0,0,0,1
15,70,1,21,1,1,0,0,0,0
60,0,1,12,0,1,0,0,0,1
0,85,1,8,1,1,0,0,0,0
60,15,2,2,0,0,1,0,0,1
100,75,2,12,1,0,1,0,0,1
55,30,3,26,0,0,0,1,0,1
30,30,1,24,0,1,0,0,0,0
0,0,1,5,0,1,0,0,0,0
0,50,1,14,1,1,0,0,0,0
70,0,1,11,0,1,0,0,0,1
0,60,1,22,0,1,0,0,0,0
70,15,4,21,0,0,0,0,1,1
50,10,2,20,0,0,1,0,0,1
0,50,1,15,1,1,0,0,0,0
85,0,1,19,1,1,0,0,0,1
30,85,4,18,0,0,0,0,1,0
0,70,1,21,0,1,0,0,0,0
85,40,1,12,1,1,0,0,0,0
0,100,1,25,0,1,0,0,0,0
80,10,2,22,0,0,1,0,0,1
70,70,2,18,0,0,1,0,0,1
30,30,1,18,1,1,0,0,0,1
78,18,2,16,1,0,1,0,0,1
50,15,1,27,0,1,0,0,0,1
60,40,1,23,1,1,0,0,0,1
30,80,1,14,0,1,0,0,0,0
15,85,1,10,0,1,0,0,0,0
85,15,1,5,1,1,0,0,0,1
15,50,1,21,0,1,0,0,0,0
50,50,1,25,1,1,0,0,0,0
70,15,1,20,0,1,0,0,0,1
50,50,1,20,1,1,0,0,0,0
40,70,1,1,1,1,0,0,0,0
10,60,1,18,1,1,0,0,0,0
70,30,1,11,1,1,0,0,0,1
0,85,1,14,0,1,0,0,0,0
15,60,4,3,1,0,0,0,1,0
0,0,1,1,0,1,0,0,0,0
0,60,1,12,1,1,0,0,0,0
50,0,2,1,0,0,1,0,0,1
35,80,1,14,1,1,0,0,0,0
12,85,1,27,0,1,0,0,0,0
30,60,1,24,0,1,0,0,0,0
80,3,4,25,0,0,0,0,1,1
90,10,1,17,1,1,0,0,0,1
10,85,1,11,1,1,0,0,0,0
40,70,1,21,0,1,0,0,0,0
0,85,1,13,0,1,0,0,0,0
60,0,1,25,0,1,0,0,0,1
0,70,1,19,0,1,0,0,0,0
15,85,1,7,0,1,0,0,0,0
10,68,1,17,0,1,0,0,0,0
50,50,1,1,1,1,0,0,0,1
98,76,3,9,1,0,0,1,0,1
55,0,1,18,1,1,0,0,0,1
60,40,3,8,0,0,0,1,0,1
100,0,2,7,1,0,1,0,0,1
70,40,1,3,1,1,0,0,0,1
15,85,1,1,1,1,0,0,0,0
60,40,1,21,0,1,0,0,0,0
39,41,4,7,0,0,0,0,1,0
40,70,1,26,1,1,0,0,0,0
85,0,1,19,1,1,0,0,0,1
30,15,1,8,0,1,0,0,0,1
30,30,1,5,1,1,0,0,0,1
70,15,1,20,0,1,0,0,0,1
15,70,1,16,0,1,0,0,0,0
50,15,1,21,1,1,0,0,0,1
85,0,1,18,0,1,0,0,0,1
30,15,1,3,0,1,0,0,0,0
85,55,1,8,1,1,0,0,0,1
75,10,2,2,0,0,1,0,0,1
70,60,2,12,1,0,1,0,0,1
72,4,2,15,0,0,1,0,0,1
75,50,3,18,0,0,0,1,0,1
80,6,2,2,0,0,1,0,0,1
30,40,1,20,0,1,0,0,0,0
60,60,1,22,1,1,0,0,0,0
80,25,3,15,0,0,0,1,0,1
85,85,3,16,0,0,0,1,0,1
50,50,1,11,1,1,0,0,0,1
70,0,1,26,0,1,0,0,0,1
75,40,1,12,1,1,0,0,0,1
40,70,1,12,1,1,0,0,0,0
15,70,1,16,1,1,0,0,0,0
20,50,1,1,1,1,0,0,0,0
30,75,1,23,0,1,0,0,0,0
70,0,1,24,0,1,0,0,0,1
85,0,1,3,0,1,0,0,0,1
70,15,3,21,0,0,0,1,0,1
80,50,1,26,1,1,0,0,0,1
0,70,1,28,1,1,0,0,0,0
55,0,2,24,0,0,1,0,0,1
50,85,1,26,1,1,0,0,0,0
30,79,1,9,0,1,0,0,0,0
70,0,1,20,0,1,0,0,0,1
65,5,1,23,1,1,0,0,0,1
25,80,1,23,1,1,0,0,0,0
85,0,1,26,0,1,0,0,0,1
50,65,3,12,0,0,0,1,0,0
40,75,1,11,0,1,0,0,0,0
75,25,1,2,1,1,0,0,0,0
15,85,1,27,0,1,0,0,0,0
85,40,2,20,1,0,1,0,0,1
15,85,1,23,0,1,0,0,0,0
45,50,1,7,0,1,0,0,0,0
70,40,2,21,1,0,1,0,0,1
100,0,1,13,0,1,0,0,0,1
40,90,3,5,1,0,0,1,0,0
60,1,1,23,0,1,0,0,0,1
30,30,1,7,1,1,0,0,0,0
100,0,4,10,1,0,0,0,1,1
50,50,1,25,1,1,0,0,0,0
40,75,1,17,1,1,0,0,0,0
45,60,1,27,1,1,0,0,0,0
0,80,1,26,1,1,0,0,0,0
85,40,2,8,1,0,1,0,0,1
50,40,2,1,0,0,1,0,0,1
15,85,1,24,1,1,0,0,0,0
100,0,2,1,1,0,1,0,0,1
80,15,2,15,1,0,1,0,0,1
85,15,1,21,0,1,0,0,0,1
60,75,1,7,0,1,0,0,0,0
30,70,1,23,0,1,0,0,0,0
0,40,1,26,0,1,0,0,0,0
0,60,1,1,0,1,0,0,0,0
0,100,1,20,1,1,0,0,0,0
70,30,1,8,1,1,0,0,0,1
0,70,1,26,1,1,0,0,0,0
20,80,1,11,1,1,0,0,0,0
15,60,1,16,1,1,0,0,0,0
0,100,1,5,0,1,0,0,0,0
60,0,1,23,1,1,0,0,0,1
60,60,1,22,0,1,0,0,0,1
50,40,1,1,1,1,0,0,0,1
50,50,1,14,0,1,0,0,0,0
10,70,1,15,1,1,0,0,0,0
75,30,1,27,1,1,0,0,0,1
30,55,1,13,0,1,0,0,0,0
80,0,1,27,1,1,0,0,0,1
0,85,1,25,1,1,0,0,0,0
0,85,1,6,0,1,0,0,0,0
100,15,4,27,0,0,0,0,1,1
0,70,1,4,0,1,0,0,0,0
60,0,1,27,1,1,0,0,0,1
50,50,1,8,1,1,0,0,0,1
65,5,1,25,0,1,0,0,0,1
70,30,1,23,0,1,0,0,0,1
90,0,1,26,0,1,0,0,0,1
80,45,4,22,1,0,0,0,1,1
60,50,1,25,1,1,0,0,0,1
25,65,3,21,0,0,0,1,0,0
15,100,1,12,0,1,0,0,0,0
0,70,1,21,0,1,0,0,0,0
50,0,1,26,0,1,0,0,0,1
0,15,1,20,0,1,0,0,0,0
60,60,1,14,1,1,0,0,0,0
33,66,1,14,0,1,0,0,0,0
85,15,1,20,0,1,0,0,0,1
85,70,1,16,1,1,0,0,0,1
70,2,1,11,0,1,0,0,0,1
30,80,1,18,0,1,0,0,0,0
85,60,2,21,1,0,1,0,0,1
60,10,1,3,0,1,0,0,0,1
55,5,1,26,1,1,0,0,0,1
40,15,1,27,1,1,0,0,0,1
70,0,1,1,1,1,0,0,0,1
50,50,1,17,0,1,0,0,0,0
0,85,1,21,1,1,0,0,0,0
30,60,1,5,1,1,0,0,0,0
60,30,1,20,0,1,0,0,0,1
0,100,1,13,1,1,0,0,0,0
60,20,2,27,0,0,1,0,0,1
85,15,1,15,0,1,0,0,0,1
0,80,1,26,0,1,0,0,0,0
70,85,3,12,1,0,0,1,0,0
15,70,1,16,1,1,0,0,0,0
40,85,1,9,1,1,0,0,0,0
70,40,1,15,0,1,0,0,0,1
15,70,1,5,0,1,0,0,0,0
50,50,1,15,0,1,0,0,0,1
75,0,1,21,0,1,0,0,0,1
30,85,1,23,0,1,0,0,0,0
50,60,1,14,1,1,0,0,0,0
98,40,2,11,0,0,1,0,0,1
65,40,1,13,0,1,0,0,0,1
15,60,1,25,0,1,0,0,0,0
0,70,1,21,0,1,0,0,0,0
0,98,1,25,0,1,0,0,0,0
50,50,2,9,1,0,1,0,0,0
60,15,1,5,1,1,0,0,0,1
30,40,3,28,0,0,0,1,0,1
40,0,1,27,0,1,0,0,0,1
90,15,1,25,0,1,0,0,0,1
50,60,1,28,1,1,0,0,0,0
55,15,1,24,1,1,0,0,0,1
60,15,1,11,1,1,0,0,0,1
70,75,1,25,1,1,0,0,0,0
40,70,1,24,0,1,0,0,0,0
40,50,1,17,0,1,0,0,0,0
40,50,1,20,1,1,0,0,0,0
50,55,1,7,0,1,0,0,0,0
90,0,1,1,0,1,0,0,0,1
0,90,1,16,1,1,0,0,0,0
50,85,1,28,1,1,0,0,0,0
40,60,1,12,0,1,0,0,0,0
100,50,2,1,0,0,1,0,0,1
51,40,1,13,1,1,0,0,0,0
0,60,1,23,0,1,0,0,0,0
85,1,1,22,0,1,0,0,0,1
60,21,1,17,0,1,0,0,0,1
95,5,1,25,0,1,0,0,0,1
15,60,1,10,0,1,0,0,0,0
85,30,1,4,1,1,0,0,0,1
70,70,1,24,0,1,0,0,0,1
60,30,1,12,1,1,0,0,0,1
15,65,1,1,1,1,0,0,0,0
60,40,1,10,1,1,0,0,0,1
30,60,1,16,1,1,0,0,0,0
40,70,1,19,1,1,0,0,0,0
60,30,1,11,1,1,0,0,0,0
70,5,1,19,0,1,0,0,0,1
0,85,1,25,0,1,0,0,0,0
66,15,1,24,0,1,0,0,0,1
45,60,1,26,0,1,0,0,0,0
15,60,1,28,0,1,0,0,0,0
50,30,1,5,1,1,0,0,0,1
85,0,2,28,0,0,1,0,0,1
100,0,2,11,0,0,1,0,0,1
10,10,1,10,0,1,0,0,0,0
15,70,3,21,1,0,0,1,0,0
40,50,3,19,0,0,0,1,0,0
85,0,2,28,1,0,1,0,0,1
30,50,1,26,1,1,0,0,0,0
100,50,1,9,0,1,0,0,0,1
40,60,1,13,1,1,0,0,0,0
40,60,1,7,1,1,0,0,0,0
40,60,1,15,0,1,0,0,0,0
60,40,1,10,1,1,0,0,0,0
85,45,2,13,0,0,1,0,0,1
50,50,1,21,1,1,0,0,0,0
30,60,1,27,1,1,0,0,0,0
85,30,1,21,1,1,0,0,0,1
30,60,1,9,1,1,0,0,0,0
50,50,1,15,1,1,0,0,0,0
50,70,3,25,1,0,0,1,0,0
85,15,3,24,1,0,0,1,0,1
50,85,1,25,0,1,0,0,0,0
40,70,1,7,0,1,0,0,0,0
40,40,1,5,1,1,0,0,0,1
45,60,1,24,0,1,0,0,0,0
60,40,1,13,1,1,0,0,0,1
40,50,1,22,0,1,0,0,0,0
95,60,2,11,1,0,1,0,0,1
50,60,1,28,1,1,0,0,0,1
0,100,1,1,0,1,0,0,0,0
70,30,1,13,1,1,0,0,0,1
30,85,1,28,0,1,0,0,0,0
0,40,1,16,0,1,0,0,0,0
85,0,1,12,1,1,0,0,0,1
0,100,3,1,0,0,0,1,0,0
15,60,1,25,1,1,0,0,0,0
100,0,2,15,1,0,1,0,0,1
50,50,1,17,0,1,0,0,0,1
30,70,1,18,1,1,0,0,0,0
25,0,3,15,0,0,0,1,0,1
0,73,1,27,0,1,0,0,0,0
35,67,1,22,0,1,0,0,0,0
70,50,1,19,1,1,0,0,0,1
60,0,1,1,0,1,0,0,0,1
50,50,1,1,1,1,0,0,0,0
60,50,2,9,0,0,1,0,0,1
60,100,1,2,0,1,0,0,0,0
70,15,3,14,0,0,0,1,0,1
0,0,1,17,0,1,0,0,0,0
50,0,1,21,0,1,0,0,0,1
40,60,1,22,0,1,0,0,0,0
60,0,2,15,0,0,1,0,0,1
20,90,1,13,0,1,0,0,0,0
70,0,1,22,1,1,0,0,0,1
85,25,3,23,0,0,0,1,0,1
30,60,3,17,0,0,0,1,0,0
60,15,1,23,0,1,0,0,0,1
70,0,1,9,1,1,0,0,0,1
10,80,1,19,0,1,0,0,0,0
40,60,1,27,0,1,0,0,0,1
50,70,3,8,1,0,0,1,0,0
85,0,1,22,1,1,0,0,0,1
85,40,1,19,1,1,0,0,0,1
15,50,1,14,1,1,0,0,0,0
30,70,1,19,0,1,0,0,0,0
60,15,1,21,1,1,0,0,0,1
40,15,1,14,1,1,0,0,0,0
70,30,1,17,0,1,0,0,0,1
5,85,1,25,1,1,0,0,0,0
60,59,2,17,0,0,1,0,0,1
70,70,4,23,0,0,0,0,1,1
10,70,1,26,1,1,0,0,0,0
0,100,1,16,1,1,0,0,0,0
99,5,2,5,1,0,1,0,0,1
30,70,1,11,1,1,0,0,0,0
85,50,1,7,1,1,0,0,0,1
15,60,1,9,1,1,0,0,0,0
0,85,1,22,0,1,0,0,0,0
95,0,1,1,1,1,0,0,0,1
40,90,4,25,1,0,0,0,1,0
60,40,2,14,0,0,1,0,0,1
15,70,1,16,1,1,0,0,0,0
50,70,1,12,1,1,0,0,0,0
15,78,1,19,0,1,0,0,0,0
20,80,1,14,1,1,0,0,0,0
50,45,2,25,0,0,1,0,0,1
40,50,1,1,0,1,0,0,0,0
60,60,2,11,1,0,1,0,0,1
0,50,1,5,0,1,0,0,0,0
30,90,1,19,0,1,0,0,0,0
40,58,1,23,0,1,0,0,0,0
10,75,1,1,0,1,0,0,0,0
80,40,1,1,1,1,0,0,0,1
30,40,1,1,0,1,0,0,0,0
100,0,3,10,1,0,0,1,0,1
65,15,1,21,0,1,0,0,0,1
15,70,1,21,1,1,0,0,0,0
0,100,1,5,1,1,0,0,0,0
70,30,3,17,0,0,0,1,0,1
70,35,1,20,1,1,0,0,0,1
85,15,1,15,0,1,0,0,0,1
15,75,3,16,0,0,0,1,0,0
70,15,1,24,1,1,0,0,0,1
90,14,2,22,0,0,1,0,0,1
70,0,1,1,1,1,0,0,0,1
70,30,1,24,1,1,0,0,0,0
70,30,1,2,1,1,0,0,0,1
60,30,1,17,1,1,0,0,0,1
40,51,1,1,0,1,0,0,0,0
100,30,1,1,1,1,0,0,0,1
80,5,1,9,0,1,0,0,0,1
70,15,1,2,0,1,0,0,0,1
50,85,1,15,1,1,0,0,0,0
50,25,2,25,0,0,1,0,0,1
5,95,1,28,1,1,0,0,0,0
40,60,1,25,0,1,0,0,0,0
0,100,1,8,1,1,0,0,0,0
35,40,4,15,0,0,0,0,1,0
70,0,1,27,1,1,0,0,0,1
85,50,1,20,1,1,0,0,0,1
30,30,1,7,1,1,0,0,0,1
75,0,1,23,0,1,0,0,0,1
85,40,4,1,1,0,0,0,1,1
10,85,1,1,1,1,0,0,0,0
85,15,2,12,0,0,1,0,0,1
100,50,2,1,0,0,1,0,0,1
0,85,3,23,1,0,0,1,0,0
15,85,1,6,1,1,0,0,0,0
30,60,1,14,0,1,0,0,0,0
0,60,1,26,0,1,0,0,0,0
10,90,1,17,1,1,0,0,0,0
60,60,1,18,0,1,0,0,0,0
70,25,1,1,1,1,0,0,0,1
35,65,1,23,0,1,0,0,0,0
42,30,1,27,0,1,0,0,0,1
40,60,1,6,1,1,0,0,0,0
70,0,2,16,1,0,1,0,0,1
0,85,1,18,0,1,0,0,0,0
60,0,1,13,1,1,0,0,0,1
70,10,1,12,0,1,0,0,0,1
15,70,1,17,0,1,0,0,0,0
0,60,1,27,0,1,0,0,0,0
15,60,1,9,1,1,0,0,0,0
60,0,1,24,0,1,0,0,0,1
40,50,1,7,0,1,0,0,0,0
50,50,1,14,1,1,0,0,0,1
60,0,1,17,1,1,0,0,0,1
85,15,1,6,0,1,0,0,0,1
50,60,1,10,0,1,0,0,0,0
15,70,1,11,0,1,0,0,0,0
30,70,3,26,0,0,0,1,0,0
40,3,2,18,0,0,1,0,0,1
52,40,1,1,1,1,0,0,0,1
40,70,4,18,1,0,0,0,1,0
15,85,1,9,1,1,0,0,0,0
85,15,2,2,1,0,1,0,0,1
70,60,1,16,1,1,0,0,0,1
85,50,2,13,1,0,1,0,0,1
50,70,1,22,0,1,0,0,0,0
15,67,1,21,0,1,0,0,0,0
50,70,4,1,0,0,0,0,1,0
60,40,1,11,0,1,0,0,0,1
70,0,2,25,1,0,1,0,0,1
50,15,4,2,0,0,0,0,1,1
15,85,1,17,1,1,0,0,0,0
0,85,1,27,0,1,0,0,0,0
85,40,2,12,1,0,1,0,0,1
85,15,2,3,0,0,1,0,0,1
0,85,1,17,1,1,0,0,0,0
60,15,1,24,0,1,0,0,0,1
60,15,1,27,0,1,0,0,0,1
10,85,1,21,0,1,0,0,0,0
60,50,1,13,0,1,0,0,0,0
0,60,1,23,0,1,0,0,0,0
0,50,1,14,1,1,0,0,0,0
41,72,1,27,1,1,0,0,0,0
15,60,1,15,1,1,0,0,0,0
20,5,1,28,0,1,0,0,0,1
85,15,1,25,0,1,0,0,0,1
0,70,1,18,1,1,0,0,0,0
40,55,1,23,0,1,0,0,0,0
70,0,3,1,1,0,0,1,0,1
0,100,1,26,1,1,0,0,0,0
85,0,3,21,1,0,0,1,0,1
10,85,1,22,0,1,0,0,0,0
40,60,1,24,0,1,0,0,0,0
0,87,1,23,0,1,0,0,0,0
40,60,1,25,0,1,0,0,0,0
60,30,1,25,0,1,0,0,0,1
15,0,1,25,0,1,0,0,0,1
0,100,1,17,0,1,0,0,0,0
55,90,1,17,1,1,0,0,0,0
60,20,1,12,0,1,0,0,0,1
85,15,1,22,1,1,0,0,0,1
60,30,2,11,1,0,1,0,0,1
0,60,1,22,1,1,0,0,0,0
15,70,1,14,1,1,0,0,0,0
30,50,1,5,0,1,0,0,0,0
0,55,1,11,1,1,0,0,0,0
50,50,1,1,1,1,0,0,0,1
30,70,1,23,0,1,0,0,0,0
70,0,1,27,1,1,0,0,0,1
70,15,1,20,0,1,0,0,0,1
100,15,2,2,1,0,1,0,0,1
0,85,1,21,0,1,0,0,0,0
15,60,1,9,0,1,0,0,0,1
0,90,1,27,0,1,0,0,0,0
15,70,1,20,1,1,0,0,0,0
70,40,2,15,1,0,1,0,0,1
30,70,1,16,0,1,0,0,0,0
30,80,1,5,1,1,0,0,0,0
40,60,1,27,1,1,0,0,0,0
0,75,1,15,1,1,0,0,0,0
70,30,2,13,0,0,1,0,0,1
30,70,1,10,1,1,0,0,0,0
100,0,2,1,0,0,1,0,0,1
15,85,1,23,0,1,0,0,0,0
50,50,1,15,1,1,0,0,0,0
75,0,1,27,0,1,0,0,0,1
20,75,1,21,0,1,0,0,0,0
0,100,1,13,1,1,0,0,0,0
15,60,1,17,1,1,0,0,0,0
50,85,1,4,0,1,0,0,0,0
70,40,1,6,1,1,0,0,0,1
70,0,1,27,0,1,0,0,0,1
50,50,1,12,0,1,0,0,0,0
60,0,2,15,1,0,1,0,0,1
60,50,3,16,0,0,0,1,0,0
40,60,1,19,0,1,0,0,0,0
70,30,2,5,1,0,1,0,0,1
60,60,2,1,1,0,1,0,0,1
60,70,1,12,1,1,0,0,0,0
15,75,1,25,0,1,0,0,0,0
85,15,2,18,1,0,1,0,0,1
70,30,1,7,0,1,0,0,0,1
70,30,1,4,1,1,0,0,0,1
85,0,1,21,1,1,0,0,0,1
80,20,1,13,1,1,0,0,0,1
15,60,1,28,0,1,0,0,0,0
70,50,1,10,0,1,0,0,0,1
50,50,1,10,1,1,0,0,0,1
15,85,1,14,1,1,0,0,0,0
100,30,2,1,0,0,1,0,0,1
65,50,4,21,1,0,0,0,1,1
85,0,2,9,0,0,1,0,0,1
0,55,1,21,0,1,0,0,0,0
3,50,1,25,0,1,0,0,0,0
0,85,3,20,0,0,0,1,0,0
5,85,1,26,0,1,0,0,0,0
50,15,1,25,1,1,0,0,0,1
99,15,2,23,0,0,1,0,0,1
35,70,1,18,1,1,0,0,0,0
60,0,1,22,1,1,0,0,0,1
30,70,1,13,1,1,0,0,0,0
0,80,1,21,1,1,0,0,0,0
60,15,1,26,0,1,0,0,0,1
33,64,1,20,0,1,0,0,0,0
15,85,1,8,1,1,0,0,0,0
40,60,1,23,1,1,0,0,0,0
70,0,1,16,0,1,0,0,0,1
40,40,1,25,0,1,0,0,0,0
15,60,1,11,0,1,0,0,0,0
60,60,1,20,0,1,0,0,0,0
70,45,2,23,0,0,1,0,0,1
20,70,1,17,0,1,0,0,0,0
55,40,1,22,0,1,0,0,0,1
100,0,2,22,1,0,1,0,0,1
40,70,1,12,1,1,0,0,0,0
100,0,2,20,1,0,1,0,0,1
85,40,2,11,1,0,1,0,0,1
70,15,3,9,1,0,0,1,0,1
85,5,1,27,1,1,0,0,0,1
100,15,2,26,0,0,1,0,0,1
5,1,1,9,0,1,0,0,0,0
30,30,1,12,0,1,0,0,0,0
100,0,2,7,1,0,1,0,0,1
87,55,1,17,0,1,0,0,0,1
70,70,3,12,1,0,0,1,0,0
60,30,1,15,1,1,0,0,0,1
0,70,1,6,1,1,0,0,0,0
25,60,1,1,0,1,0,0,0,0
85,0,4,2,1,0,0,0,1,1
15,85,1,27,0,1,0,0,0,0
30,85,1,24,0,1,0,0,0,0
60,0,1,12,0,1,0,0,0,1
100,0,3,18,0,0,0,1,0,1
99,10,3,16,0,0,0,1,0,1
50,50,1,23,1,1,0,0,0,0
76,56,1,1,0,1,0,0,0,1
40,60,1,24,1,1,0,0,0,0
30,70,1,17,0,1,0,0,0,0
70,30,3,2,0,0,0,1,0,1
60,50,1,15,1,1,0,0,0,1
15,70,1,16,1,1,0,0,0,0
72,15,1,25,1,1,0,0,0,1
30,70,1,11,0,1,0,0,0,0
40,40,2,22,0,0,1,0,0,1
40,40,1,24,1,1,0,0,0,0
0,50,1,21,1,1,0,0,0,0
50,50,1,5,1,1,0,0,0,0
30,70,1,11,1,1,0,0,0,0
79,22,2,27,0,0,1,0,0,1
70,30,2,20,1,0,1,0,0,1
85,30,1,5,1,1,0,0,0,1
70,20,1,26,0,1,0,0,0,1
65,35,1,26,1,1,0,0,0,1
50,70,3,16,1,0,0,1,0,0
30,95,1,20,0,1,0,0,0,0
40,60,1,28,1,1,0,0,0,0
0,85,1,6,1,1,0,0,0,0
70,15,1,26,0,1,0,0,0,1
63,39,1,5,1,1,0,0,0,1
85,15,1,12,1,1,0,0,0,1
0,70,1,8,1,1,0,0,0,0
30,60,1,21,0,1,0,0,0,0
0,100,4,19,0,0,0,0,1,0
0,70,2,23,1,0,1,0,0,0
30,60,1,11,0,1,0,0,0,0
15,60,4,16,0,0,0,0,1,0
50,50,2,18,1,0,1,0,0,1
40,15,1,25,1,1,0,0,0,1
60,30,1,28,0,1,0,0,0,1
50,30,1,25,1,1,0,0,0,1
85,30,1,9,0,1,0,0,0,1
70,30,1,15,1,1,0,0,0,1
60,0,1,15,0,1,0,0,0,1
70,15,1,24,1,1,0,0,0,1
65,0,1,16,0,1,0,0,0,1
50,50,1,12,0,1,0,0,0,0
40,40,1,18,1,1,0,0,0,0
70,15,1,16,0,1,0,0,0,1
60,0,1,24,0,1,0,0,0,1
40,15,1,17,0,1,0,0,0,1
60,60,2,27,0,0,1,0,0,1
70,30,1,24,0,1,0,0,0,1
50,60,3,17,0,0,0,1,0,0
70,30,1,19,1,1,0,0,0,1
1,85,1,20,0,1,0,0,0,0
40,70,1,9,1,1,0,0,0,0
100,30,2,20,1,0,1,0,0,1
100,50,2,2,1,0,1,0,0,1
80,40,2,15,0,0,1,0,0,1
60,40,1,11,1,1,0,0,0,1
5,10,1,18,0,1,0,0,0,0
30,70,1,15,1,1,0,0,0,0
30,65,1,24,0,1,0,0,0,0
85,30,2,1,0,0,1,0,0,1
20,90,1,15,0,1,0,0,0,0
40,45,1,13,0,1,0,0,0,0
30,0,2,1,0,0,1,0,0,1
70,40,3,13,0,0,0,1,0,1
85,30,3,3,1,0,0,1,0,1
70,30,1,7,0,1,0,0,0,1
40,40,1,1,0,1,0,0,0,0
0,30,1,14,0,1,0,0,0,0
100,15,3,2,0,0,0,1,0,1
50,60,1,13,0,1,0,0,0,0
35,50,1,23,0,1,0,0,0,0
15,100,4,1,1,0,0,0,1,0
15,85,1,10,0,1,0,0,0,0
70,0,2,14,0,0,1,0,0,1
70,50,4,1,1,0,0,0,1,1
85,15,2,1,1,0,1,0,0,1
30,70,1,15,0,1,0,0,0,0
0,100,1,11,0,1,0,0,0,0
100,0,2,4,1,0,1,0,0,1
40,85,1,20,1,1,0,0,0,0
30,100,1,3,1,1,0,0,0,0
75,20,1,25,1,1,0,0,0,1
30,30,4,19,1,0,0,0,1,0
25,75,1,25,0,1,0,0,0,0
60,85,1,1,1,1,0,0,0,0
85,15,1,25,1,1,0,0,0,1
15,85,1,1,1,1,0,0,0,0
60,65,1,11,1,1,0,0,0,1
0,85,1,14,1,1,0,0,0,0
40,60,1,12,1,1,0,0,0,0
85,15,2,10,1,0,1,0,0,1
75,10,1,25,0,1,0,0,0,1
50,10,1,25,1,1,0,0,0,1
30,15,1,22,1,1,0,0,0,0
60,15,1,21,0,1,0,0,0,1
85,60,2,19,1,0,1,0,0,1
50,30,1,15,1,1,0,0,0,1
0,100,1,16,1,1,0,0,0,0
0,85,1,22,0,1,0,0,0,0
60,15,1,24,1,1,0,0,0,1
15,60,1,15,1,1,0,0,0,0
0,95,1,22,1,1,0,0,0,0
30,70,1,12,1,1,0,0,0,0
0,60,1,16,0,1,0,0,0,0
80,65,3,17,0,0,0,1,0,1
60,40,1,14,0,1,0,0,0,1
100,0,2,7,1,0,1,0,0,1
85,50,1,11,1,1,0,0,0,1
15,90,1,15,1,1,0,0,0,0
40,20,2,27,1,0,1,0,0,1
30,30,2,18,0,0,1,0,0,1
40,40,1,14,1,1,0,0,0,0
98,0,2,5,1,0,1,0,0,1
20,60,1,27,0,1,0,0,0,0
75,15,1,17,1,1,0,0,0,1
80,0,2,25,1,0,1,0,0,1
40,60,1,1,1,1,0,0,0,0
50,50,1,8,1,1,0,0,0,0
100,0,2,6,0,0,1,0,0,1
75,15,1,26,1,1,0,0,0,1
40,60,1,6,1,1,0,0,0,0
15,60,1,26,0,1,0,0,0,0
40,70,1,14,0,1,0,0,0,0
60,0,1,7,0,1,0,0,0,1
15,60,1,1,0,1,0,0,0,0
70,0,1,11,1,1,0,0,0,1
85,15,1,20,0,1,0,0,0,1
100,0,2,1,0,0,1,0,0,1
80,20,2,12,0,0,1,0,0,1
70,0,1,23,0,1,0,0,0,1
50,85,3,24,1,0,0,1,0,0
50,25,4,24,0,0,0,0,1,1
70,60,2,21,0,0,1,0,0,1
15,70,1,15,1,1,0,0,0,0
30,50,1,24,0,1,0,0,0,0
30,60,1,2,1,1,0,0,0,0
100,70,3,4,0,0,0,1,0,1
5,55,4,12,0,0,0,0,1,0
40,50,2,16,0,0,1,0,0,1
50,50,1,7,0,1,0,0,0,0
75,50,2,12,1,0,1,0,0,1
60,50,3,15,0,0,0,1,0,1
50,20,1,25,0,1,0,0,0,1
60,40,3,22,0,0,0,1,0,1
75,5,1,24,0,1,0,0,0,1
85,70,3,22,1,0,0,1,0,1
85,0,2,28,0,0,1,0,0,1
10,70,1,15,0,1,0,0,0,0
50,50,1,1,0,1,0,0,0,1
60,40,2,11,1,0,1,0,0,1
70,10,1,12,0,1,0,0,0,1
0,70,1,21,1,1,0,0,0,0
50,30,1,20,1,1,0,0,0,1
100,30,1,11,1,1,0,0,0,1
15,70,1,26,1,1,0,0,0,0
50,50,1,16,0,1,0,0,0,1
40,60,1,1,1,1,0,0,0,0
0,0,1,22,0,1,0,0,0,1
10,0,1,4,1,1,0,0,0,1
15,30,1,22,1,1,0,0,0,0
0,25,1,21,0,1,0,0,0,0
15,70,1,1,0,1,0,0,0,0
85,0,1,19,1,1,0,0,0,1
10,75,1,9,0,1,0,0,0,0
65,30,1,28,0,1,0,0,0,1
15,40,1,11,0,1,0,0,0,0
60,30,1,17,0,1,0,0,0,1
0,50,4,18,0,0,0,0,1,0
60,15,1,4,1,1,0,0,0,1
60,70,1,10,1,1,0,0,0,0
70,0,2,18,1,0,1,0,0,1
60,40,1,1,1,1,0,0,0,0
100,30,1,27,1,1,0,0,0,1
0,60,1,24,0,1,0,0,0,0
15,70,1,12,0,1,0,0,0,0
60,70,1,7,1,1,0,0,0,0
0,70,1,25,0,1,0,0,0,0
0,40,1,12,1,1,0,0,0,0
40,70,1,19,0,1,0,0,0,0
75,0,1,22,0,1,0,0,0,1
30,0,1,22,1,1,0,0,0,1
40,85,1,25,1,1,0,0,0,0
40,70,1,16,1,1,0,0,0,0
70,10,1,20,0,1,0,0,0,1
50,70,1,15,0,1,0,0,0,0
85,15,2,16,1,0,1,0,0,1
85,0,3,23,0,0,0,1,0,1
85,80,2,5,0,0,1,0,0,1
0,60,1,13,0,1,0,0,0,0
0,50,1,1,0,1,0,0,0,0
40,30,1,24,0,1,0,0,0,0
60,30,1,1,1,1,0,0,0,1
60,35,1,20,0,1,0,0,0,1
30,40,3,17,0,0,0,1,0,0
80,15,3,15,1,0,0,1,0,1
10,75,1,21,0,1,0,0,0,0
100,0,3,20,0,0,0,1,0,1
85,50,1,1,1,1,0,0,0,1
0,30,1,13,0,1,0,0,0,0
100,0,2,1,0,0,1,0,0,1
5,60,1,9,0,1,0,0,0,0
30,15,4,20,0,0,0,0,1,1
85,30,2,1,1,0,1,0,0,1
50,50,3,13,0,0,0,1,0,0
50,50,3,16,0,0,0,1,0,0
10,60,1,14,0,1,0,0,0,0
90,0,3,19,1,0,0,1,0,1
70,0,2,3,0,0,1,0,0,1
50,50,1,15,0,1,0,0,0,1
40,50,1,21,0,1,0,0,0,0
50,85,3,1,0,0,0,1,0,0
85,15,2,26,0,0,1,0,0,1
0,70,4,16,0,0,0,0,1,0
70,30,2,6,1,0,1,0,0,1
70,15,2,24,0,0,1,0,0,1
40,60,3,16,0,0,0,1,0,0
50,30,3,15,0,0,0,1,0,1
60,40,1,11,0,1,0,0,0,1
15,50,1,1,0,1,0,0,0,0
0,100,3,26,1,0,0,1,0,0
100,0,2,23,1,0,1,0,0,1
40,15,2,22,0,0,1,0,0,1
100,50,4,13,1,0,0,0,1,1
40,70,1,3,1,1,0,0,0,0
80,0,3,24,0,0,0,1,0,1
60,0,1,28,0,1,0,0,0,1
100,0,1,8,0,1,0,0,0,1
15,75,1,24,0,1,0,0,0,0
60,0,1,26,0,1,0,0,0,1
0,90,3,18,0,0,0,1,0,0
70,85,3,28,1,0,0,1,0,1
45,45,1,6,1,1,0,0,0,0
50,40,2,23,0,0,1,0,0,1
30,60,1,27,0,1,0,0,0,0
30,85,1,27,1,1,0,0,0,0
50,70,1,14,1,1,0,0,0,0
80,15,2,27,1,0,1,0,0,1
100,0,3,5,1,0,0,1,0,1
40,70,4,24,0,0,0,0,1,0
45,55,1,25,0,1,0,0,0,0
100,50,1,21,0,1,0,0,0,1
50,50,2,25,1,0,1,0,0,1
25,15,1,10,0,1,0,0,0,1
68,0,1,13,0,1,0,0,0,1
0,100,1,12,0,1,0,0,0,0
15,15,3,9,0,0,0,1,0,0
0,70,1,18,1,1,0,0,0,0
60,15,1,19,0,1,0,0,0,1
70,30,1,17,0,1,0,0,0,1
50,75,1,19,0,1,0,0,0,0
60,50,2,1,1,0,1,0,0,1
40,50,4,8,0,0,0,0,1,0
0,60,1,27,1,1,0,0,0,0
30,70,1,19,1,1,0,0,0,0
60,50,2,12,1,0,1,0,0,1
100,0,2,3,0,0,1,0,0,1
35,60,1,3,0,1,0,0,0,0
0,70,1,11,1,1,0,0,0,0
70,10,1,17,1,1,0,0,0,1
40,70,1,3,1,1,0,0,0,0
0,0,4,1,0,0,0,0,1,1
55,35,1,21,0,1,0,0,0,1
65,55,1,19,0,1,0,0,0,1
85,25,3,22,0,0,0,1,0,1
85,30,2,21,0,0,1,0,0,1
25,75,1,12,0,1,0,0,0,0
40,85,1,1,1,1,0,0,0,0
70,0,1,16,1,1,0,0,0,1
50,40,1,15,0,1,0,0,0,0
85,0,2,15,0,0,1,0,0,1
70,60,2,2,1,0,1,0,0,1
70,30,1,25,1,1,0,0,0,1
0,50,1,16,0,1,0,0,0,0
100,0,2,8,1,0,1,0,0,1
70,30,2,1,0,0,1,0,0,1
60,60,1,19,0,1,0,0,0,0
60,50,3,27,0,0,0,1,0,1
70,0,4,13,1,0,0,0,1,1
20,65,1,2,0,1,0,0,0,0
100,0,2,8,0,0,1,0,0,1
85,15,2,1,1,0,1,0,0,1
85,30,2,25,0,0,1,0,0,1
50,40,1,25,1,1,0,0,0,1
100,0,2,12,0,0,1,0,0,1
85,70,2,21,1,0,1,0,0,1
60,60,1,18,0,1,0,0,0,1
30,70,1,9,1,1,0,0,0,0
50,50,1,25,1,1,0,0,0,1
30,60,1,26,0,1,0,0,0,0
100,0,2,14,0,0,1,0,0,1
80,40,2,13,0,0,1,0,0,1
25,60,1,27,0,1,0,0,0,0
75,40,1,21,0,1,0,0,0,1
60,50,2,11,0,0,1,0,0,1
45,45,1,17,0,1,0,0,0,0
40,70,1,13,0,1,0,0,0,0
100,0,2,3,1,0,1,0,0,1
90,0,2,1,0,0,1,0,0,1
50,50,2,6,1,0,1,0,0,1
60,30,1,27,0,1,0,0,0,1
65,60,2,7,0,0,1,0,0,1
30,75,1,1,1,1,0,0,0,0
90,40,1,2,0,1,0,0,0,1
100,0,1,19,1,1,0,0,0,1
50,50,1,24,0,1,0,0,0,0
75,30,1,23,1,1,0,0,0,1
0,60,1,25,0,1,0,0,0,0
100,30,2,1,1,0,1,0,0,1
50,50,1,22,0,1,0,0,0,0
60,40,1,28,0,1,0,0,0,1
50,50,1,25,0,1,0,0,0,0
40,60,4,1,0,0,0,0,1,0
30,60,1,27,0,1,0,0,0,0
30,70,1,2,1,1,0,0,0,0
70,0,4,25,0,0,0,0,1,1
0,0,4,21,0,0,0,0,1,0
50,40,2,11,0,0,1,0,0,1
15,70,1,4,0,1,0,0,0,0
70,9,1,22,0,1,0,0,0,1
50,40,1,11,1,1,0,0,0,1
90,25,1,20,0,1,0,0,0,1
85,0,3,1,1,0,0,1,0,1
50,60,3,8,1,0,0,1,0,0
50,40,1,15,0,1,0,0,0,1
65,40,1,2,0,1,0,0,0,1
85,0,3,1,1,0,0,1,0,1
85,60,4,11,0,0,0,0,1,1
70,40,1,1,0,1,0,0,0,1
70,30,3,2,0,0,0,1,0,1
70,0,1,23,0,1,0,0,0,1
70,40,3,4,0,0,0,1,0,1
45,55,1,26,0,1,0,0,0,0
70,30,4,9,0,0,0,0,1,1
70,0,1,8,0,1,0,0,0,1
75,0,1,25,0,1,0,0,0,1
50,50,1,24,1,1,0,0,0,0
0,100,4,1,0,0,0,0,1,0
0,30,1,28,0,1,0,0,0,0
10,75,1,20,0,1,0,0,0,0
60,15,1,14,1,1,0,0,0,1
50,10,1,15,1,1,0,0,0,1
30,70,1,26,0,1,0,0,0,0
85,0,3,21,1,0,0,1,0,1
60,15,3,21,1,0,0,1,0,1
100,0,3,16,0,0,0,1,0,1
85,60,3,6,0,0,0,1,0,1
40,15,3,9,0,0,0,1,0,1
49,51,4,22,1,0,0,0,1,0
25,65,1,14,0,1,0,0,0,0
40,0,1,5,0,1,0,0,0,1
85,0,4,17,1,0,0,0,1,1
35,60,4,25,1,0,0,0,1,0
60,0,2,1,1,0,1,0,0,1
100,15,2,3,0,0,1,0,0,1
0,60,1,11,1,1,0,0,0,0
60,70,1,14,1,1,0,0,0,0
60,50,1,1,0,1,0,0,0,1
60,50,1,5,1,1,0,0,0,1
50,70,1,7,1,1,0,0,0,0
40,70,1,13,1,1,0,0,0,0
45,10,1,19,0,1,0,0,0,1
30,60,3,28,0,0,0,1,0,0
15,85,1,9,1,1,0,0,0,0
60,0,1,21,1,1,0,0,0,1
70,30,1,26,1,1,0,0,0,1
85,50,2,18,1,0,1,0,0,1
100,50,2,1,1,0,1,0,0,1
49,60,1,12,0,1,0,0,0,1
85,60,3,1,1,0,0,1,0,1
85,10,2,14,1,0,1,0,0,1
85,0,1,22,1,1,0,0,0,1
85,0,2,27,0,0,1,0,0,1
30,15,1,15,1,1,0,0,0,0
40,70,3,18,1,0,0,1,0,0
70,50,1,1,1,1,0,0,0,1
85,0,3,15,1,0,0,1,0,1
0,100,3,15,1,0,0,1,0,0
65,40,3,26,0,0,0,1,0,1
60,40,4,1,0,0,0,0,1,1
90,10,1,21,0,1,0,0,0,1
0,6,1,18,0,1,0,0,0,0
90,0,1,22,0,1,0,0,0,1
100,0,3,16,0,0,0,1,0,1
0,90,1,27,1,1,0,0,0,0
10,70,1,22,0,1,0,0,0,0
40,60,1,22,1,1,0,0,0,0
15,100,3,19,1,0,0,1,0,0
85,60,1,19,0,1,0,0,0,1
85,15,2,25,0,0,1,0,0,1
0,40,3,12,1,0,0,1,0,0
85,15,1,24,1,1,0,0,0,1
0,70,1,13,0,1,0,0,0,0
50,60,1,17,1,1,0,0,0,0
0,60,1,16,0,1,0,0,0,0
70,0,1,12,0,1,0,0,0,1
60,40,3,13,1,0,0,1,0,1
50,50,2,8,0,0,1,0,0,1
0,70,3,26,0,0,0,1,0,0
25,90,1,1,0,1,0,0,0,0
100,50,3,18,0,0,0,1,0,1
85,0,1,23,0,1,0,0,0,1
85,50,3,12,0,0,0,1,0,1
15,15,1,21,0,1,0,0,0,0
80,5,3,25,0,0,0,1,0,1
50,50,1,13,1,1,0,0,0,0
70,30,2,9,1,0,1,0,0,1
85,15,1,23,1,1,0,0,0,1
60,0,1,27,0,1,0,0,0,1
50,0,1,14,1,1,0,0,0,1
15,15,1,26,0,1,0,0,0,0
60,70,1,15,1,1,0,0,0,0
70,0,1,11,0,1,0,0,0,1
0,85,1,23,0,1,0,0,0,0
15,70,1,18,0,1,0,0,0,0
0,100,1,17,0,1,0,0,0,0
70,50,3,23,0,0,0,1,0,1
85,10,1,23,0,1,0,0,0,1
60,70,1,16,1,1,0,0,0,0
0,70,1,26,0,1,0,0,0,0
75,15,1,28,0,1,0,0,0,1
40,40,1,14,0,1,0,0,0,0
50,60,1,12,0,1,0,0,0,0
45,45,1,26,1,1,0,0,0,0
60,30,1,11,1,1,0,0,0,1
30,85,1,23,1,1,0,0,0,0
100,15,3,14,1,0,0,1,0,1
50,50,2,18,0,0,1,0,0,1
55,70,1,20,0,1,0,0,0,0
40,30,1,6,1,1,0,0,0,1
60,0,1,20,0,1,0,0,0,1
50,50,1,26,1,1,0,0,0,0
100,0,1,23,0,1,0,0,0,1
100,50,2,28,1,0,1,0,0,1
75,25,1,22,1,1,0,0,0,1
50,0,3,15,0,0,0,1,0,1
60,15,1,17,1,1,0,0,0,1
5,80,1,8,0,1,0,0,0,0
70,0,3,6,1,0,0,1,0,1
85,15,2,17,1,0,1,0,0,1
100,0,2,21,0,0,1,0,0,1
40,30,1,25,0,1,0,0,0,1
60,15,1,10,0,1,0,0,0,1
85,15,3,12,1,0,0,1,0,1
85,40,2,1,1,0,1,0,0,1
50,60,1,12,0,1,0,0,0,0
70,30,2,23,0,0,1,0,0,1
75,45,1,23,0,1,0,0,0,1
50,30,1,4,1,1,0,0,0,1
100,0,2,17,1,0,1,0,0,1
50,70,1,15,1,1,0,0,0,0
60,60,1,20,1,1,0,0,0,1
60,45,1,25,0,1,0,0,0,1
60,15,1,12,1,1,0,0,0,1
30,30,1,25,0,1,0,0,0,0
0,85,4,23,0,0,0,0,1,0
60,15,1,1,0,1,0,0,0,1
50,60,1,13,1,1,0,0,0,0
40,85,1,13,0,1,0,0,0,0
30,60,1,26,0,1,0,0,0,0
0,100,1,1,0,1,0,0,0,0
100,0,2,1,1,0,1,0,0,1
15,60,1,23,0,1,0,0,0,0
70,30,1,12,1,1,0,0,0,1
30,85,1,15,0,1,0,0,0,0
100,40,2,11,1,0,1,0,0,1
85,50,2,4,1,0,1,0,0,1
40,30,1,22,1,1,0,0,0,1
85,30,1,12,0,1,0,0,0,1
100,15,3,12,1,0,0,1,0,1
80,10,1,25,1,1,0,0,0,1
30,90,1,19,0,1,0,0,0,0
50,50,1,18,1,1,0,0,0,0
50,50,1,1,0,1,0,0,0,0
55,25,1,13,0,1,0,0,0,1
70,30,2,7,0,0,1,0,0,1
70,0,1,24,1,1,0,0,0,1
85,0,3,1,1,0,0,1,0,1
50,60,1,1,1,1,0,0,0,0
100,0,3,1,0,0,0,1,0,1
30,70,3,1,0,0,0,1,0,0
60,40,3,4,1,0,0,1,0,1
80,0,1,5,0,1,0,0,0,1
70,40,1,19,0,1,0,0,0,1
70,40,3,5,1,0,0,1,0,1
70,0,2,11,1,0,1,0,0,1
60,40,1,3,1,1,0,0,0,1
1,50,1,15,1,1,0,0,0,0
40,60,1,28,1,1,0,0,0,0
70,40,1,1,0,1,0,0,0,1
100,0,2,12,1,0,1,0,0,1
0,60,1,23,1,1,0,0,0,0
50,50,1,25,1,1,0,0,0,1
85,30,3,2,1,0,0,1,0,1
100,0,2,1,0,0,1,0,0,1
40,70,1,1,1,1,0,0,0,0
36,65,1,8,0,1,0,0,0,0
85,30,1,23,1,1,0,0,0,1
40,65,1,11,0,1,0,0,0,0
0,80,1,10,1,1,0,0,0,0
15,85,1,16,0,1,0,0,0,0
0,100,1,5,0,1,0,0,0,0
70,0,1,12,0,1,0,0,0,1
40,70,1,27,1,1,0,0,0,0
50,80,1,12,0,1,0,0,0,0
40,50,1,1,1,1,0,0,0,1
60,15,2,18,0,0,1,0,0,1
60,30,1,24,1,1,0,0,0,1
100,0,3,23,1,0,0,1,0,1
30,60,1,21,1,1,0,0,0,0
60,60,1,22,1,1,0,0,0,1
15,70,1,13,0,1,0,0,0,0
80,40,2,13,1,0,1,0,0,1
100,0,2,21,0,0,1,0,0,1
70,0,1,25,0,1,0,0,0,1
70,0,1,19,0,1,0,0,0,1
50,50,4,16,1,0,0,0,1,0
40,15,1,1,1,1,0,0,0,1
60,15,1,27,1,1,0,0,0,1
70,0,1,22,0,1,0,0,0,1
15,70,1,9,0,1,0,0,0,0
50,50,1,19,1,1,0,0,0,1
89,1,2,1,1,0,1,0,0,1
60,60,2,1,1,0,1,0,0,1
50,10,1,23,0,1,0,0,0,1
15,70,4,14,0,0,0,0,1,0
85,0,2,18,0,0,1,0,0,1
100,0,2,1,1,0,1,0,0,1
70,70,2,6,1,0,1,0,0,0
40,40,1,21,1,1,0,0,0,1
50,55,1,9,0,1,0,0,0,0
60,15,1,3,1,1,0,0,0,1
70,0,1,8,0,1,0,0,0,1
70,20,1,23,0,1,0,0,0,1
60,35,1,22,0,1,0,0,0,1
50,60,1,26,0,1,0,0,0,0
50,50,3,10,1,0,0,1,0,0
60,60,1,12,1,1,0,0,0,0
30,50,3,15,0,0,0,1,0,0
15,70,1,23,0,1,0,0,0,0
30,85,1,20,1,1,0,0,0,0
60,50,1,5,0,1,0,0,0,0
85,15,2,2,1,0,1,0,0,1
50,50,1,11,1,1,0,0,0,0
40,60,1,11,0,1,0,0,0,0
30,60,3,22,1,0,0,1,0,0
50,50,1,15,1,1,0,0,0,1
65,25,1,24,1,1,0,0,0,1
60,30,1,11,0,1,0,0,0,1
100,0,4,10,1,0,0,0,1,1
0,100,3,17,1,0,0,1,0,0
53,12,1,24,0,1,0,0,0,1
85,0,2,27,0,0,1,0,0,1
70,60,1,15,0,1,0,0,0,1
70,15,1,25,1,1,0,0,0,1
10,60,1,24,0,1,0,0,0,0
40,60,1,17,1,1,0,0,0,0
75,0,2,6,1,0,1,0,0,1
85,0,1,18,1,1,0,0,0,1
40,50,1,4,1,1,0,0,0,0
0,85,1,3,1,1,0,0,0,0
0,100,1,7,1,1,0,0,0,0
0,0,4,17,1,0,0,0,1,0
85,0,2,20,0,0,1,0,0,1
70,40,2,4,1,0,1,0,0,1
70,0,2,20,1,0,1,0,0,1
80,0,2,15,0,0,1,0,0,1
85,40,2,16,0,0,1,0,0,1
100,0,1,9,0,1,0,0,0,1
60,85,1,12,1,1,0,0,0,0
30,65,1,14,0,1,0,0,0,0
0,25,1,14,0,1,0,0,0,0
85,0,1,17,1,1,0,0,0,1
15,70,1,25,0,1,0,0,0,0
70,30,2,19,0,0,1,0,0,1
60,70,2,1,1,0,1,0,0,1
85,30,3,22,0,0,0,1,0,1
15,60,3,22,1,0,0,1,0,0
100,0,2,2,1,0,1,0,0,1
40,70,1,22,0,1,0,0,0,0
38,85,1,9,0,1,0,0,0,0
30,100,1,9,0,1,0,0,0,0
15,40,1,15,1,1,0,0,0,0
15,70,1,25,0,1,0,0,0,0
30,30,1,14,0,1,0,0,0,0
75,0,1,2,0,1,0,0,0,1
85,50,2,1,0,0,1,0,0,1
40,60,1,20,0,1,0,0,0,0
30,40,1,20,0,1,0,0,0,0
0,68,1,20,0,1,0,0,0,0
30,75,1,16,0,1,0,0,0,0
50,15,1,7,0,1,0,0,0,1
0,100,3,1,0,0,0,1,0,0
0,100,3,26,1,0,0,1,0,0
0,0,3,24,0,0,0,1,0,1
15,85,1,24,1,1,0,0,0,0
15,40,4,27,0,0,0,0,1,0
75,35,2,5,0,0,1,0,0,1
50,30,1,20,0,1,0,0,0,1
30,30,1,21,1,1,0,0,0,0
60,15,3,13,0,0,0,1,0,1
100,60,2,1,1,0,1,0,0,1
100,0,2,7,1,0,1,0,0,1
50,50,1,12,1,1,0,0,0,0
85,30,3,8,0,0,0,1,0,1
100,0,2,21,1,0,1,0,0,1
85,30,2,15,0,0,1,0,0,1
60,15,1,23,1,1,0,0,0,1
50,70,4,23,1,0,0,0,1,0
60,40,1,1,0,1,0,0,0,1
0,60,1,17,0,1,0,0,0,0
75,50,1,15,0,1,0,0,0,1
2,65,1,2,0,1,0,0,0,0
50,60,1,12,0,1,0,0,0,0
60,50,1,13,1,1,0,0,0,0
50,50,1,1,1,1,0,0,0,0
60,50,1,16,1,1,0,0,0,1
100,0,1,25,1,1,0,0,0,1
65,15,3,19,1,0,0,1,0,1
100,30,1,17,0,1,0,0,0,1
70,40,1,25,1,1,0,0,0,0
100,0,3,1,1,0,0,1,0,1
40,85,1,18,1,1,0,0,0,0
30,85,1,1,0,1,0,0,0,0
30,50,1,27,0,1,0,0,0,0
50,50,1,23,1,1,0,0,0,0
85,15,2,19,1,0,1,0,0,1
0,75,1,1,0,1,0,0,0,0
40,65,1,19,0,1,0,0,0,1
0,85,1,20,1,1,0,0,0,0
45,80,1,17,1,1,0,0,0,0
0,70,1,28,0,1,0,0,0,0
85,0,2,21,1,0,1,0,0,1
50,70,1,21,1,1,0,0,0,0
30,70,1,13,1,1,0,0,0,0
0,85,1,9,0,1,0,0,0,0
50,70,1,23,0,1,0,0,0,0
40,60,3,26,0,0,0,1,0,0
40,0,1,21,1,1,0,0,0,1
40,15,3,13,0,0,0,1,0,1
50,100,1,1,0,1,0,0,0,0
15,15,2,14,0,0,1,0,0,1
40,40,3,1,0,0,0,1,0,1
40,55,1,20,0,1,0,0,0,0
85,10,2,7,0,0,1,0,0,1
100,85,3,3,1,0,0,1,0,1
0,70,3,27,0,0,0,1,0,0
50,50,1,24,0,1,0,0,0,0
85,30,2,9,0,0,1,0,0,1
85,60,2,14,0,0,1,0,0,1
70,30,1,19,0,1,0,0,0,1
15,30,1,14,0,1,0,0,0,0
85,30,1,26,1,1,0,0,0,1
0,85,4,1,0,0,0,0,1,0
70,15,1,13,0,1,0,0,0,1
15,85,1,1,0,1,0,0,0,0
70,40,1,21,1,1,0,0,0,1
85,40,1,6,1,1,0,0,0,1
40,60,1,24,0,1,0,0,0,0
85,10,1,21,0,1,0,0,0,1
100,0,3,9,1,0,0,1,0,1
70,40,3,11,1,0,0,1,0,1
100,15,3,5,1,0,0,1,0,1
85,0,3,13,1,0,0,1,0,1
50,70,1,14,1,1,0,0,0,0
0,85,1,24,0,1,0,0,0,0
60,50,1,13,1,1,0,0,0,0
85,50,1,16,0,1,0,0,0,1
25,10,1,3,0,1,0,0,0,1
50,30,1,23,1,1,0,0,0,0
70,15,1,13,1,1,0,0,0,1
60,15,3,3,0,0,0,1,0,1
0,0,2,4,1,0,1,0,0,1
100,0,2,12,0,0,1,0,0,1
85,50,3,1,1,0,0,1,0,1
15,60,1,24,0,1,0,0,0,0
15,60,1,14,0,1,0,0,0,0
70,30,1,11,0,1,0,0,0,1
60,70,2,1,1,0,1,0,0,1
100,0,4,26,1,0,0,0,1,1
0,60,3,8,0,0,0,1,0,0
0,50,3,13,0,0,0,1,0,0
60,70,1,8,0,1,0,0,0,0
60,15,3,17,0,0,0,1,0,1
15,88,1,26,1,1,0,0,0,0
100,0,4,9,0,0,0,0,1,1
30,60,1,13,1,1,0,0,0,0
50,85,3,9,1,0,0,1,0,0
70,15,4,15,1,0,0,0,1,1
0,30,1,18,0,1,0,0,0,0
87,10,2,5,1,0,1,0,0,1
60,30,1,26,0,1,0,0,0,1
1,70,1,24,0,1,0,0,0,0
50,50,1,26,0,1,0,0,0,1
10,90,1,7,1,1,0,0,0,0
75,20,1,17,0,1,0,0,0,1
100,15,2,2,1,0,1,0,0,1
100,0,2,21,0,0,1,0,0,1
50,50,1,3,1,1,0,0,0,0
100,0,1,16,0,1,0,0,0,1
35,60,3,25,0,0,0,1,0,0
85,0,4,24,1,0,0,0,1,1
60,40,3,3,1,0,0,1,0,0
100,0,2,5,1,0,1,0,0,1
40,80,1,26,0,1,0,0,0,0
50,15,1,27,1,1,0,0,0,1
85,50,1,18,1,1,0,0,0,1
0,70,1,28,0,1,0,0,0,0
35,75,1,23,0,1,0,0,0,0
50,40,2,17,1,0,1,0,0,1
60,10,1,27,1,1,0,0,0,1
85,50,3,1,0,0,0,1,0,1
10,10,1,1,0,1,0,0,0,1
0,30,1,22,0,1,0,0,0,0
65,90,1,27,0,1,0,0,0,0
50,30,1,1,1,1,0,0,0,1
50,30,3,9,1,0,0,1,0,0
100,0,3,11,1,0,0,1,0,1
70,0,2,11,1,0,1,0,0,1
75,45,1,9,1,1,0,0,0,1
85,15,3,26,0,0,0,1,0,1
60,0,1,26,0,1,0,0,0,1
75,10,2,12,0,0,1,0,0,1
70,2,1,26,0,1,0,0,0,1
15,60,1,26,0,1,0,0,0,0
0,40,3,15,0,0,0,1,0,0
100,0,1,26,1,1,0,0,0,1
70,15,2,1,1,0,1,0,0,1
60,40,3,6,1,0,0,1,0,1
85,30,1,24,1,1,0,0,0,1
100,0,4,15,0,0,0,0,1,1
40,85,1,24,1,1,0,0,0,0
15,70,1,17,1,1,0,0,0,0
85,50,3,14,1,0,0,1,0,1
0,30,1,9,0,1,0,0,0,0
0,100,1,19,1,1,0,0,0,0
85,60,1,11,1,1,0,0,0,1
70,60,2,13,0,0,1,0,0,1
15,60,1,12,0,1,0,0,0,0
50,60,1,25,1,1,0,0,0,0
15,40,1,17,0,1,0,0,0,0
100,0,2,19,1,0,1,0,0,1
60,50,1,3,0,1,0,0,0,0
0,70,1,14,1,1,0,0,0,0
85,30,2,14,0,0,1,0,0,1
85,40,3,4,1,0,0,1,0,1
75,25,1,1,0,1,0,0,0,1
25,50,4,28,0,0,0,0,1,0
30,90,1,7,0,1,0,0,0,0
40,60,1,14,1,1,0,0,0,0
70,15,1,20,0,1,0,0,0,1
85,15,1,23,1,1,0,0,0,1
15,50,3,13,0,0,0,1,0,0
70,40,1,21,1,1,0,0,0,1
0,85,1,13,1,1,0,0,0,0
90,86,2,1,0,0,1,0,0,1
70,10,1,9,0,1,0,0,0,1
0,85,1,12,1,1,0,0,0,0
30,65,1,20,1,1,0,0,0,0
15,85,4,15,0,0,0,0,1,0
100,0,2,1,1,0,1,0,0,1
30,70,1,13,1,1,0,0,0,0
50,60,1,17,1,1,0,0,0,0
85,0,1,4,1,1,0,0,0,1
60,45,1,1,0,1,0,0,0,1
50,50,3,1,0,0,0,1,0,0
70,15,1,14,1,1,0,0,0,1
70,40,1,14,1,1,0,0,0,1
0,30,1,13,0,1,0,0,0,0
30,70,1,17,0,1,0,0,0,0
70,30,3,14,0,0,0,1,0,1
15,85,3,14,0,0,0,1,0,0
40,50,4,19,1,0,0,0,1,0
95,10,2,26,0,0,1,0,0,1
70,5,1,19,0,1,0,0,0,1
100,0,2,16,0,0,1,0,0,1
100,0,2,17,1,0,1,0,0,1
70,60,1,13,0,1,0,0,0,1
70,15,3,13,0,0,0,1,0,1
40,40,1,11,0,1,0,0,0,0
40,30,1,1,1,1,0,0,0,1
60,51,2,22,0,0,1,0,0,1
85,0,3,15,0,0,0,1,0,1
50,70,3,14,1,0,0,1,0,1
60,10,1,23,1,1,0,0,0,1
0,0,1,5,0,1,0,0,0,1
60,55,1,20,0,1,0,0,0,1
50,50,3,12,1,0,0,1,0,0
50,15,1,1,0,1,0,0,0,1
70,15,1,15,1,1,0,0,0,1
50,50,1,24,1,1,0,0,0,0
30,85,1,2,0,1,0,0,0,0
60,30,1,25,1,1,0,0,0,1
0,60,1,1,1,1,0,0,0,0
0,80,1,1,1,1,0,0,0,0
85,0,1,9,1,1,0,0,0,1
100,0,2,1,1,0,1,0,0,1
60,40,1,24,0,1,0,0,0,1
60,60,1,25,1,1,0,0,0,1
40,60,1,21,1,1,0,0,0,0
0,100,2,17,0,0,1,0,0,0
0,50,1,13,1,1,0,0,0,0
15,70,1,3,0,1,0,0,0,0
40,70,1,1,0,1,0,0,0,0
60,40,3,21,1,0,0,1,0,1
100,0,2,11,1,0,1,0,0,1
70,15,4,1,1,0,0,0,1,1
30,70,1,13,0,1,0,0,0,0
50,80,1,10,0,1,0,0,0,0
10,95,1,21,1,1,0,0,0,0
50,50,1,16,1,1,0,0,0,1
70,40,1,25,1,1,0,0,0,1
50,50,2,19,0,0,1,0,0,1
100,0,3,1,1,0,0,1,0,1
0,85,3,11,1,0,0,1,0,0
100,30,2,14,1,0,1,0,0,1
50,50,1,15,1,1,0,0,0,1
15,30,1,11,0,1,0,0,0,0
60,40,1,3,1,1,0,0,0,1
60,30,3,4,1,0,0,1,0,1
60,15,3,18,0,0,0,1,0,1
70,15,1,16,0,1,0,0,0,1
40,23,1,12,0,1,0,0,0,1
70,0,1,23,0,1,0,0,0,1
60,50,1,3,0,1,0,0,0,0
15,85,1,18,1,1,0,0,0,0
70,15,1,11,1,1,0,0,0,1
70,60,4,14,0,0,0,0,1,1
70,0,1,15,1,1,0,0,0,1
60,50,1,21,0,1,0,0,0,1
100,85,2,1,0,0,1,0,0,1
50,0,2,4,0,0,1,0,0,1
85,0,1,14,0,1,0,0,0,1
60,30,1,13,0,1,0,0,0,1
60,50,1,1,1,1,0,0,0,0
10,90,1,25,1,1,0,0,0,0
0,100,1,5,1,1,0,0,0,0
60,0,2,19,0,0,1,0,0,1
100,30,4,17,0,0,0,0,1,1
100,0,2,3,1,0,1,0,0,1
15,70,1,1,0,1,0,0,0,0
85,0,3,1,0,0,0,1,0,1
85,15,1,22,1,1,0,0,0,1
50,50,1,25,0,1,0,0,0,0
40,60,1,21,1,1,0,0,0,0
85,20,3,9,1,0,0,1,0,1
85,0,3,18,0,0,0,1,0,1
15,30,1,10,1,1,0,0,0,0
50,50,3,9,0,0,0,1,0,1
100,0,1,13,0,1,0,0,0,1
100,15,3,1,1,0,0,1,0,1
15,85,1,1,1,1,0,0,0,0
85,15,1,14,1,1,0,0,0,1
80,30,1,23,0,1,0,0,0,1
30,70,1,21,0,1,0,0,0,0
15,40,1,12,0,1,0,0,0,0
40,50,4,13,1,0,0,0,1,1
50,50,3,18,1,0,0,1,0,1
0,0,1,1,1,1,0,0,0,0
70,40,1,16,1,1,0,0,0,1
20,70,1,12,0,1,0,0,0,0
100,50,2,22,1,0,1,0,0,1
60,15,1,23,1,1,0,0,0,1
0,85,1,13,0,1,0,0,0,0
100,0,2,1,1,0,1,0,0,1
55,45,1,28,1,1,0,0,0,1
100,0,2,11,1,0,1,0,0,1
60,50,3,7,0,0,0,1,0,1
100,0,2,1,0,0,1,0,0,1
40,40,3,18,1,0,0,1,0,0
60,0,3,2,1,0,0,1,0,1
85,30,2,7,0,0,1,0,0,1
35,55,1,24,0,1,0,0,0,0
100,0,1,6,0,1,0,0,0,1
20,60,1,22,1,1,0,0,0,0
50,85,3,1,1,0,0,1,0,0
100,0,2,11,1,0,1,0,0,1
70,0,3,24,1,0,0,1,0,1
70,30,2,10,0,0,1,0,0,1
100,0,1,9,0,1,0,0,0,0
40,0,2,15,0,0,1,0,0,1
100,0,2,1,1,0,1,0,0,1
16,75,1,25,0,1,0,0,0,0
0,75,1,26,0,1,0,0,0,0
85,0,2,4,1,0,1,0,0,1
60,45,3,23,0,0,0,1,0,1
0,75,4,3,0,0,0,0,1,0
70,30,2,22,0,0,1,0,0,1
70,0,1,20,1,1,0,0,0,1
15,15,1,25,0,1,0,0,0,0
100,30,1,9,0,1,0,0,0,1
40,50,1,26,0,1,0,0,0,0
85,25,3,1,0,0,0,1,0,1
60,60,1,23,1,1,0,0,0,0
90,0,1,16,0,1,0,0,0,1
60,50,3,9,0,0,0,1,0,0
75,0,2,1,0,0,1,0,0,1
100,50,2,15,1,0,1,0,0,1
60,50,4,8,0,0,0,0,1,1
70,15,1,18,1,1,0,0,0,1
40,40,1,26,1,1,0,0,0,0
85,0,2,2,1,0,1,0,0,1
70,0,1,17,1,1,0,0,0,1
50,60,1,1,0,1,0,0,0,0
100,0,2,1,1,0,1,0,0,1
60,30,1,9,0,1,0,0,0,1
15,70,1,21,0,1,0,0,0,0
40,70,1,7,1,1,0,0,0,0
60,40,4,25,0,0,0,0,1,1
59,41,4,2,0,0,0,0,1,1
60,30,1,28,0,1,0,0,0,1
25,0,4,11,0,0,0,0,1,1
0,60,1,9,0,1,0,0,0,0
5,90,1,26,0,1,0,0,0,0
15,60,1,1,0,1,0,0,0,0
85,15,1,23,0,1,0,0,0,1
45,40,3,5,0,0,0,1,0,1
85,0,2,2,1,0,1,0,0,1
85,30,2,3,1,0,1,0,0,1
70,40,1,1,1,1,0,0,0,1
90,0,1,26,1,1,0,0,0,1
30,85,1,19,1,1,0,0,0,0
100,0,2,10,0,0,1,0,0,1
70,40,1,9,1,1,0,0,0,1
100,0,2,22,1,0,1,0,0,1
70,50,4,20,1,0,0,0,1,1
100,0,3,23,1,0,0,1,0,1
40,40,3,1,0,0,0,1,0,1
85,0,3,9,1,0,0,1,0,1
100,60,1,1,0,1,0,0,0,1
90,0,1,9,1,1,0,0,0,1
100,0,2,11,1,0,1,0,0,1
80,70,3,26,1,0,0,1,0,0
50,60,4,22,1,0,0,0,1,1
15,85,1,8,0,1,0,0,0,0
70,40,3,13,0,0,0,1,0,1
15,70,1,23,1,1,0,0,0,0
60,15,1,21,0,1,0,0,0,1
15,70,1,18,0,1,0,0,0,0
40,85,1,20,0,1,0,0,0,0
55,0,1,6,0,1,0,0,0,1
90,0,1,7,0,1,0,0,0,1
40,60,1,24,0,1,0,0,0,0
60,30,1,9,0,1,0,0,0,1
85,20,1,22,1,1,0,0,0,1
70,35,1,16,0,1,0,0,0,1
0,70,1,21,0,1,0,0,0,0
50,50,1,19,1,1,0,0,0,0
30,70,1,18,0,1,0,0,0,0
70,30,3,12,1,0,0,1,0,1
50,85,1,7,0,1,0,0,0,0
50,50,1,7,1,1,0,0,0,1
50,50,1,19,1,1,0,0,0,0
75,25,1,16,0,1,0,0,0,1
15,60,1,20,0,1,0,0,0,0
85,50,1,17,0,1,0,0,0,1
30,70,1,15,1,1,0,0,0,0
60,60,1,13,0,1,0,0,0,0
50,75,1,14,0,1,0,0,0,0
40,70,1,12,1,1,0,0,0,0
85,0,1,25,1,1,0,0,0,1
0,5,1,20,0,1,0,0,0,0
60,40,2,21,0,0,1,0,0,1
85,0,1,21,1,1,0,0,0,1
50,50,1,1,1,1,0,0,0,1
75,0,2,12,0,0,1,0,0,1
40,30,1,12,1,1,0,0,0,0
50,50,4,12,1,0,0,0,1,0
90,30,2,11,0,0,1,0,0,1
40,70,1,21,0,1,0,0,0,0
20,20,1,25,1,1,0,0,0,1
30,85,3,14,1,0,0,1,0,0
70,15,1,12,0,1,0,0,0,1
60,30,1,21,1,1,0,0,0,1
30,70,3,15,1,0,0,1,0,0
50,0,1,15,0,1,0,0,0,1
40,70,1,11,1,1,0,0,0,0
60,60,1,15,0,1,0,0,0,1
25,80,1,24,0,1,0,0,0,0
50,50,1,12,0,1,0,0,0,0
85,15,4,26,0,0,0,0,1,1
60,30,4,25,0,0,0,0,1,1
40,85,1,13,1,1,0,0,0,0
40,85,1,19,0,1,0,0,0,0
85,50,1,22,1,1,0,0,0,0
70,70,1,22,0,1,0,0,0,1
50,15,1,13,1,1,0,0,0,1
0,60,1,13,0,1,0,0,0,0
75,0,1,9,0,1,0,0,0,1
35,32,1,18,0,1,0,0,0,0
40,50,1,25,0,1,0,0,0,0
60,0,1,26,0,1,0,0,0,1
75,30,2,2,1,0,1,0,0,1
50,60,1,20,1,1,0,0,0,1
50,50,3,14,0,0,0,1,0,1
0,90,4,24,1,0,0,0,1,0
60,40,1,12,1,1,0,0,0,1
70,15,3,1,0,0,0,1,0,1
0,100,3,1,0,0,0,1,0,0
30,70,1,13,1,1,0,0,0,0
70,0,2,12,1,0,1,0,0,1
70,0,2,10,1,0,1,0,0,1
70,15,1,12,1,1,0,0,0,1
70,0,1,2,1,1,0,0,0,1
15,60,4,18,0,0,0,0,1,0
85,30,1,25,1,1,0,0,0,1
70,65,1,27,1,1,0,0,0,0
70,60,1,5,1,1,0,0,0,0
15,70,1,20,0,1,0,0,0,0
50,70,1,14,1,1,0,0,0,0
100,15,2,20,0,0,1,0,0,1
85,40,1,1,1,1,0,0,0,1
25,60,1,21,0,1,0,0,0,0
60,40,2,2,1,0,1,0,0,1
80,40,1,16,0,1,0,0,0,1
55,15,1,3,1,1,0,0,0,1
40,60,1,27,1,1,0,0,0,0
20,100,1,1,1,1,0,0,0,0
15,70,1,13,0,1,0,0,0,0
50,30,1,25,0,1,0,0,0,1
85,0,1,26,1,1,0,0,0,1
70,30,4,27,1,0,0,0,1,1
85,0,2,9,0,0,1,0,0,1
40,60,1,24,0,1,0,0,0,0
50,50,1,24,0,1,0,0,0,1
60,40,2,12,0,0,1,0,0,1
0,100,1,16,0,1,0,0,0,0
50,60,3,22,0,0,0,1,0,0
0,50,1,14,1,1,0,0,0,0
60,40,1,20,1,1,0,0,0,1
40,60,1,24,0,1,0,0,0,0
90,0,1,25,1,1,0,0,0,1
30,100,1,6,1,1,0,0,0,0
40,85,1,23,1,1,0,0,0,0
40,70,1,26,1,1,0,0,0,0
100,50,2,6,1,0,1,0,0,1
0,60,1,2,0,1,0,0,0,0
95,5,1,15,0,1,0,0,0,1
70,40,1,21,1,1,0,0,0,1
0,60,1,1,1,1,0,0,0,0
60,0,3,20,1,0,0,1,0,1
70,15,1,22,0,1,0,0,0,1
30,25,1,12,0,1,0,0,0,1
100,50,3,9,0,0,0,1,0,1
80,30,4,28,1,0,0,0,1,1
70,15,1,23,0,1,0,0,0,1
15,60,1,24,1,1,0,0,0,0
60,15,2,14,1,0,1,0,0,1
85,70,2,3,1,0,1,0,0,1
15,60,1,11,0,1,0,0,0,0
40,60,1,5,1,1,0,0,0,0
15,60,1,25,0,1,0,0,0,0
15,60,1,3,0,1,0,0,0,0
25,60,1,18,0,1,0,0,0,0
0,0,1,20,0,1,0,0,0,1
100,50,3,4,1,0,0,1,0,1
0,85,1,17,1,1,0,0,0,0
30,85,1,23,0,1,0,0,0,0
65,50,1,1,0,1,0,0,0,0
70,50,2,5,0,0,1,0,0,1
40,65,1,14,1,1,0,0,0,0
50,50,1,4,1,1,0,0,0,0
100,0,3,1,0,0,0,1,0,1
15,70,1,17,0,1,0,0,0,0
100,0,2,1,1,0,1,0,0,1
30,80,1,13,0,1,0,0,0,0
15,70,1,22,1,1,0,0,0,0
45,60,1,12,0,1,0,0,0,1
0,75,1,24,1,1,0,0,0,0
65,60,1,20,0,1,0,0,0,0
50,50,1,21,0,1,0,0,0,0
0,55,4,19,0,0,0,0,1,0
30,60,1,24,1,1,0,0,0,0
60,50,1,2,1,1,0,0,0,1
40,15,1,18,0,1,0,0,0,1
67,0,1,25,0,1,0,0,0,1
60,50,3,21,0,0,0,1,0,1
15,85,1,13,0,1,0,0,0,0
100,0,2,12,1,0,1,0,0,1
85,0,2,11,0,0,1,0,0,1
15,70,1,24,0,1,0,0,0,0
30,45,1,17,0,1,0,0,0,0
60,20,1,25,1,1,0,0,0,1
60,35,1,9,1,1,0,0,0,1
100,15,2,13,0,0,1,0,0,1
50,70,1,14,1,1,0,0,0,0
30,50,1,22,0,1,0,0,0,0
30,50,1,13,0,1,0,0,0,0
100,15,2,7,1,0,1,0,0,1
70,10,1,27,0,1,0,0,0,1
70,30,1,6,0,1,0,0,0,1
100,50,3,13,0,0,0,1,0,1
60,50,1,11,1,1,0,0,0,1
25,60,1,27,1,1,0,0,0,0
60,0,1,22,1,1,0,0,0,1
40,50,1,1,0,1,0,0,0,0
0,30,1,10,0,1,0,0,0,0
30,85,3,26,1,0,0,1,0,0
75,10,1,8,0,1,0,0,0,1
40,40,1,27,0,1,0,0,0,0
60,70,1,16,1,1,0,0,0,0
50,50,3,15,1,0,0,1,0,0
2,2,3,3,1,0,0,1,0,1
85,60,3,21,0,0,0,1,0,1
40,60,1,20,0,1,0,0,0,0
50,70,1,23,1,1,0,0,0,0
85,60,1,24,0,1,0,0,0,1
70,50,1,26,1,1,0,0,0,1
50,40,1,15,1,1,0,0,0,0
60,50,1,24,0,1,0,0,0,1
70,0,1,17,0,1,0,0,0,1
15,85,1,21,1,1,0,0,0,0
85,30,1,10,1,1,0,0,0,1
92,28,3,8,0,0,0,1,0,1
100,0,3,8,0,0,0,1,0,1
50,85,1,4,1,1,0,0,0,0
70,0,1,24,1,1,0,0,0,1
70,40,1,14,1,1,0,0,0,1
0,70,1,6,0,1,0,0,0,0
55,40,2,26,0,0,1,0,0,1
70,15,2,27,0,0,1,0,0,1
15,70,1,9,1,1,0,0,0,0
30,40,1,9,0,1,0,0,0,0
50,50,1,20,0,1,0,0,0,0
70,60,2,1,1,0,1,0,0,1
15,85,1,3,0,1,0,0,0,0
50,50,1,14,1,1,0,0,0,0
70,15,1,11,1,1,0,0,0,1
100,0,3,21,1,0,0,1,0,1
60,50,1,24,1,1,0,0,0,1
100,0,1,9,1,1,0,0,0,1
100,5,1,1,1,1,0,0,0,1
15,70,4,23,0,0,0,0,1,0
80,0,1,6,1,1,0,0,0,1
40,60,1,23,0,1,0,0,0,0
100,0,2,14,1,0,1,0,0,1
40,65,1,28,1,1,0,0,0,0
100,0,3,12,0,0,0,1,0,1
0,90,1,27,1,1,0,0,0,0
70,1,1,17,0,1,0,0,0,1
90,30,1,17,1,1,0,0,0,1
40,40,1,1,0,1,0,0,0,0
40,70,1,12,1,1,0,0,0,0
40,60,1,21,1,1,0,0,0,0
50,40,1,8,1,1,0,0,0,1
30,60,1,11,0,1,0,0,0,0
0,100,1,20,0,1,0,0,0,0
7,90,1,3,1,1,0,0,0,0
70,40,2,1,1,0,1,0,0,1
70,0,3,9,1,0,0,1,0,1
100,0,2,7,1,0,1,0,0,1
70,15,1,27,0,1,0,0,0,1
85,0,3,21,1,0,0,1,0,1
50,50,1,25,1,1,0,0,0,1
0,80,1,12,1,1,0,0,0,0
60,0,1,18,0,1,0,0,0,1
0,85,1,14,0,1,0,0,0,0
100,0,1,7,0,1,0,0,0,1
85,50,2,14,0,0,1,0,0,1
0,80,1,22,1,1,0,0,0,0
70,15,1,22,0,1,0,0,0,1
60,30,1,16,0,1,0,0,0,1
70,50,3,19,1,0,0,1,0,1
70,0,1,20,1,1,0,0,0,1
80,0,4,2,1,0,0,0,1,1
90,0,1,19,0,1,0,0,0,1
85,0,1,1,1,1,0,0,0,1
70,50,1,1,1,1,0,0,0,1
60,15,1,4,1,1,0,0,0,1
80,30,3,28,0,0,0,1,0,1
100,0,2,3,0,0,1,0,0,1
60,60,1,21,0,1,0,0,0,1
15,85,1,11,0,1,0,0,0,0
0,90,1,9,1,1,0,0,0,0
85,30,1,15,0,1,0,0,0,1
85,15,1,26,1,1,0,0,0,1
70,40,1,22,1,1,0,0,0,1
85,0,1,21,1,1,0,0,0,1
15,100,1,18,1,1,0,0,0,0
40,60,1,1,1,1,0,0,0,0
30,70,1,11,0,1,0,0,0,0
50,40,1,17,0,1,0,0,0,1
-9,-9,1,21,1,1,0,0,0,0
50,50,1,13,1,1,0,0,0,0
60,70,3,1,1,0,0,1,0,0
15,70,1,20,0,1,0,0,0,0
50,40,1,5,1,1,0,0,0,1
100,0,2,11,1,0,1,0,0,1
30,30,1,27,0,1,0,0,0,0
60,0,1,20,1,1,0,0,0,1
20,50,1,14,0,1,0,0,0,0
40,70,1,17,1,1,0,0,0,0
85,0,1,1,0,1,0,0,0,1
0,90,1,21,0,1,0,0,0,0
40,15,4,11,0,0,0,0,1,1
65,41,3,20,0,0,0,1,0,1
0,100,1,14,1,1,0,0,0,0
85,40,1,10,1,1,0,0,0,1
15,100,1,1,1,1,0,0,0,0
10,5,1,24,0,1,0,0,0,1
60,0,1,21,0,1,0,0,0,1
100,15,1,5,1,1,0,0,0,1
50,60,1,9,0,1,0,0,0,0
60,50,1,7,1,1,0,0,0,1
70,15,3,25,0,0,0,1,0,1
100,60,3,5,0,0,0,1,0,1
30,85,1,10,1,1,0,0,0,0
50,50,1,11,0,1,0,0,0,0
0,60,3,14,0,0,0,1,0,0
40,60,1,9,1,1,0,0,0,0
100,0,3,19,1,0,0,1,0,1
60,60,2,13,1,0,1,0,0,1
80,30,3,22,0,0,0,1,0,1
100,50,2,8,1,0,1,0,0,1
70,30,1,27,1,1,0,0,0,1
40,60,1,19,0,1,0,0,0,0
100,0,3,12,1,0,0,1,0,1
60,40,4,10,1,0,0,0,1,1
15,60,1,27,0,1,0,0,0,0
100,40,3,28,1,0,0,1,0,1
70,40,1,4,0,1,0,0,0,1
60,15,1,23,1,1,0,0,0,1
50,30,1,1,0,1,0,0,0,1
85,70,3,1,0,0,0,1,0,1
0,0,1,6,1,1,0,0,0,1
85,30,3,20,0,0,0,1,0,1
100,40,2,16,1,0,1,0,0,1
85,0,4,26,1,0,0,0,1,0
70,0,1,24,1,1,0,0,0,1
40,60,1,23,1,1,0,0,0,0
80,35,1,26,0,1,0,0,0,1
40,85,4,5,1,0,0,0,1,0
0,50,1,3,0,1,0,0,0,1
85,30,2,7,0,0,1,0,0,1
100,0,3,1,1,0,0,1,0,1
100,15,2,12,1,0,1,0,0,1
15,15,4,25,0,0,0,0,1,0
60,30,1,23,1,1,0,0,0,1
30,85,1,24,0,1,0,0,0,0
50,45,1,17,0,1,0,0,0,0
10,85,1,24,0,1,0,0,0,0
60,60,1,6,0,1,0,0,0,0
15,85,1,21,0,1,0,0,0,0
100,0,2,1,0,0,1,0,0,1
85,50,2,21,0,0,1,0,0,1
85,0,1,26,0,1,0,0,0,1
30,70,1,20,0,1,0,0,0,0
40,70,1,13,1,1,0,0,0,0
30,100,1,25,1,1,0,0,0,0
40,85,1,21,0,1,0,0,0,0
100,0,2,6,0,0,1,0,0,1
85,30,1,17,0,1,0,0,0,1
0,80,3,17,1,0,0,1,0,0
15,85,1,1,1,1,0,0,0,0
80,0,1,24,1,1,0,0,0,1
40,60,1,5,1,1,0,0,0,0
15,60,1,24,0,1,0,0,0,0
60,15,1,23,1,1,0,0,0,1
50,30,1,13,1,1,0,0,0,1
70,0,2,5,1,0,1,0,0,1
70,15,2,18,1,0,1,0,0,1
75,15,4,4,1,0,0,0,1,1
15,50,1,12,0,1,0,0,0,0
30,60,1,9,1,1,0,0,0,0
50,100,3,11,0,0,0,1,0,0
50,50,1,3,1,1,0,0,0,1
70,0,2,21,0,0,1,0,0,1
30,80,1,26,0,1,0,0,0,0
40,50,4,11,0,0,0,0,1,0
85,30,1,11,1,1,0,0,0,1
30,70,1,22,0,1,0,0,0,0
60,70,1,23,0,1,0,0,0,1
60,50,1,25,1,1,0,0,0,0
15,70,1,20,0,1,0,0,0,0
60,70,3,23,0,0,0,1,0,0
0,100,1,14,0,1,0,0,0,0
1,60,1,2,0,1,0,0,0,0
70,50,3,17,0,0,0,1,0,0
30,70,1,25,1,1,0,0,0,0
15,70,4,13,1,0,0,0,1,0
50,50,3,3,0,0,0,1,0,1
100,0,3,21,0,0,0,1,0,1
70,60,3,14,1,0,0,1,0,1
60,40,1,12,1,1,0,0,0,0
30,60,1,9,1,1,0,0,0,0
40,95,1,11,1,1,0,0,0,0
85,40,2,11,0,0,1,0,0,1
40,60,1,15,1,1,0,0,0,0
100,0,3,16,0,0,0,1,0,1
60,60,1,16,1,1,0,0,0,0
60,25,1,18,1,1,0,0,0,1
90,0,4,15,1,0,0,0,1,1
70,15,4,18,1,0,0,0,1,1
100,15,3,15,0,0,0,1,0,1
0,100,1,7,0,1,0,0,0,0
15,70,1,14,0,1,0,0,0,0
15,100,1,22,1,1,0,0,0,0
70,40,3,15,0,0,0,1,0,1
70,30,1,18,0,1,0,0,0,1
0,70,1,28,1,1,0,0,0,0
15,60,1,9,1,1,0,0,0,0
0,70,1,15,0,1,0,0,0,0
12,62,4,22,1,0,0,0,1,0
15,70,1,22,1,1,0,0,0,0
100,50,2,5,1,0,1,0,0,1
50,50,4,16,1,0,0,0,1,1
50,45,1,25,1,1,0,0,0,1
70,30,1,24,0,1,0,0,0,1
50,30,2,6,0,0,1,0,0,1
70,40,1,26,1,1,0,0,0,1
15,50,1,24,0,1,0,0,0,0
15,60,2,19,0,0,1,0,0,0
0,40,1,1,0,1,0,0,0,0
60,0,1,21,1,1,0,0,0,1
85,30,1,12,0,1,0,0,0,1
85,15,2,18,0,0,1,0,0,1
60,0,2,3,0,0,1,0,0,0
40,60,1,12,0,1,0,0,0,0
85,0,2,22,1,0,1,0,0,1
60,15,1,15,0,1,0,0,0,1
60,30,1,18,1,1,0,0,0,1
50,0,2,3,0,0,1,0,0,1
0,95,1,22,0,1,0,0,0,0
15,0,1,1,0,1,0,0,0,1
77,0,3,1,1,0,0,1,0,1
95,0,2,12,1,0,1,0,0,1
60,20,1,24,1,1,0,0,0,1
60,15,1,27,1,1,0,0,0,1
35,75,1,1,0,1,0,0,0,0
100,40,3,5,0,0,0,1,0,1
15,85,1,22,1,1,0,0,0,0
40,60,1,2,0,1,0,0,0,1
40,90,1,19,1,1,0,0,0,0
15,15,4,23,0,0,0,0,1,1
85,15,2,24,1,0,1,0,0,1
40,65,1,28,1,1,0,0,0,0
50,60,1,2,1,1,0,0,0,0
40,50,1,26,0,1,0,0,0,0
40,50,1,24,0,1,0,0,0,0
85,30,3,4,0,0,0,1,0,1
0,85,1,12,1,1,0,0,0,0
50,0,1,28,1,1,0,0,0,1
0,30,4,25,0,0,0,0,1,0
40,85,1,9,1,1,0,0,0,0
5,4,4,2,0,0,0,0,1,1
100,0,3,1,0,0,0,1,0,1
70,15,3,12,1,0,0,1,0,1
100,0,2,19,0,0,1,0,0,1
60,60,1,14,0,1,0,0,0,1
75,40,1,25,1,1,0,0,0,1
60,40,1,23,1,1,0,0,0,1
70,50,3,1,1,0,0,1,0,1
30,15,2,1,0,0,1,0,0,1
50,70,1,14,1,1,0,0,0,0
70,85,1,19,1,1,0,0,0,0
90,0,2,9,1,0,1,0,0,1
0,49,1,15,0,1,0,0,0,0
85,30,2,5,1,0,1,0,0,1
80,40,2,22,0,0,1,0,0,1
15,85,1,5,0,1,0,0,0,0
85,40,3,12,1,0,0,1,0,1
50,30,1,16,1,1,0,0,0,1
50,30,1,1,1,1,0,0,0,1
0,85,1,11,1,1,0,0,0,0
70,15,1,1,1,1,0,0,0,1
0,50,1,15,0,1,0,0,0,0
60,30,1,25,1,1,0,0,0,1
60,30,1,1,1,1,0,0,0,1
85,20,4,12,1,0,0,0,1,1
15,70,4,15,1,0,0,0,1,0
70,85,2,11,1,0,1,0,0,1
100,0,4,1,1,0,0,0,1,1
70,40,1,3,1,1,0,0,0,1
50,50,1,1,0,1,0,0,0,0
15,60,1,15,1,1,0,0,0,0
50,50,1,5,0,1,0,0,0,1
45,45,3,28,0,0,0,1,0,1
0,60,1,1,0,1,0,0,0,0
0,85,1,20,1,1,0,0,0,0
50,85,3,9,1,0,0,1,0,0
70,50,1,11,1,1,0,0,0,0
100,0,2,28,1,0,1,0,0,1
25,45,1,15,0,1,0,0,0,0
50,50,4,1,0,0,0,0,1,1
0,85,1,9,1,1,0,0,0,0
100,0,2,9,0,0,1,0,0,1
100,0,1,18,0,1,0,0,0,1
30,40,3,17,1,0,0,1,0,0
40,70,1,20,1,1,0,0,0,0
70,0,1,4,1,1,0,0,0,1
85,0,1,17,1,1,0,0,0,1
90,0,1,24,1,1,0,0,0,1
40,60,1,20,0,1,0,0,0,1
30,60,1,20,1,1,0,0,0,0
90,0,1,22,1,1,0,0,0,1
60,40,3,13,1,0,0,1,0,1
40,60,4,7,0,0,0,0,1,0
0,0,1,18,1,1,0,0,0,0
40,85,1,21,0,1,0,0,0,0
100,15,2,18,1,0,1,0,0,1
15,85,1,21,1,1,0,0,0,0
65,85,3,20,0,0,0,1,0,0
85,0,2,11,1,0,1,0,0,1
5,95,1,14,0,1,0,0,0,0
6,1,1,27,0,1,0,0,0,1
70,50,1,9,1,1,0,0,0,0
0,15,1,22,1,1,0,0,0,0
70,15,1,21,1,1,0,0,0,1
60,0,1,9,0,1,0,0,0,0
50,85,1,16,0,1,0,0,0,0
100,0,3,13,0,0,0,1,0,1
0,100,1,17,0,1,0,0,0,0
60,70,4,14,0,0,0,0,1,0
3,4,1,12,1,1,0,0,0,0
15,85,1,12,0,1,0,0,0,0
70,40,2,17,0,0,1,0,0,1
0,100,3,10,1,0,0,1,0,0
60,40,1,4,0,1,0,0,0,1
70,50,1,7,0,1,0,0,0,1
85,80,1,4,0,1,0,0,0,1
70,30,1,23,0,1,0,0,0,1
15,60,1,21,0,1,0,0,0,0
80,30,1,24,0,1,0,0,0,1
0,80,1,1,0,1,0,0,0,0
45,90,1,21,0,1,0,0,0,0
15,30,1,3,1,1,0,0,0,0
100,0,1,1,1,1,0,0,0,1
45,52,1,1,0,1,0,0,0,0
85,0,2,7,1,0,1,0,0,1
85,50,2,8,1,0,1,0,0,1
100,0,2,1,1,0,1,0,0,1
70,25,1,16,1,1,0,0,0,1
100,13,2,1,1,0,1,0,0,1
30,60,1,20,1,1,0,0,0,0
95,5,1,11,0,1,0,0,0,1
85,15,3,24,0,0,0,1,0,1
70,0,4,19,0,0,0,0,1,1
100,0,2,1,1,0,1,0,0,1
30,50,1,24,1,1,0,0,0,0
40,50,1,17,0,1,0,0,0,0
50,50,1,14,1,1,0,0,0,0
90,0,1,18,1,1,0,0,0,1
60,40,1,26,1,1,0,0,0,1
50,0,1,22,0,1,0,0,0,1
15,70,1,10,1,1,0,0,0,0
50,50,1,10,0,1,0,0,0,0
40,70,1,25,1,1,0,0,0,0
50,60,1,11,1,1,0,0,0,0
35,65,4,18,1,0,0,0,1,0
65,60,4,21,0,0,0,0,1,1
70,15,1,10,0,1,0,0,0,1
70,50,1,23,1,1,0,0,0,1
70,15,2,27,1,0,1,0,0,1
100,0,1,15,0,1,0,0,0,1
30,85,1,11,0,1,0,0,0,0
70,30,2,5,1,0,1,0,0,1
80,30,1,12,0,1,0,0,0,1
100,0,3,13,1,0,0,1,0,1
100,0,2,19,1,0,1,0,0,1
10,70,1,12,1,1,0,0,0,0
50,70,1,12,0,1,0,0,0,0
100,15,1,23,1,1,0,0,0,1
70,15,3,6,1,0,0,1,0,1
85,60,4,1,0,0,0,0,1,1
85,50,3,1,1,0,0,1,0,1
85,15,2,13,0,0,1,0,0,1
40,60,1,13,1,1,0,0,0,0
60,85,1,11,1,1,0,0,0,0
50,60,3,10,0,0,0,1,0,0
10,88,1,25,0,1,0,0,0,0
50,15,1,15,0,1,0,0,0,1
100,0,1,19,0,1,0,0,0,1
30,40,1,15,1,1,0,0,0,0
100,60,3,13,1,0,0,1,0,1
100,15,1,12,0,1,0,0,0,1
100,0,1,26,1,1,0,0,0,1
60,0,1,21,1,1,0,0,0,1
85,70,4,26,1,0,0,0,1,0
15,70,1,7,0,1,0,0,0,0
5,70,1,25,0,1,0,0,0,0
40,60,1,16,1,1,0,0,0,0
-9,-9,1,23,1,1,0,0,0,1
60,0,4,21,1,0,0,0,1,1
50,50,1,15,0,1,0,0,0,0
15,15,2,13,1,0,1,0,0,1
85,50,2,7,1,0,1,0,0,1
70,15,1,17,1,1,0,0,0,1
70,0,2,28,0,0,1,0,0,1
65,5,2,2,1,0,1,0,0,1
80,15,2,23,1,0,1,0,0,1
40,0,1,20,1,1,0,0,0,1
100,0,3,20,0,0,0,1,0,1
60,15,3,9,1,0,0,1,0,1
50,50,1,24,1,1,0,0,0,0
60,40,3,24,0,0,0,1,0,0
75,45,1,12,1,1,0,0,0,1
70,15,1,18,1,1,0,0,0,1
50,70,3,18,1,0,0,1,0,0
80,50,1,9,0,1,0,0,0,1
0,85,1,1,0,1,0,0,0,0
80,50,3,1,1,0,0,1,0,1
85,0,2,2,1,0,1,0,0,1
60,30,1,19,0,1,0,0,0,1
52,48,1,14,1,1,0,0,0,1
60,60,1,23,0,1,0,0,0,1
15,85,1,4,1,1,0,0,0,0
50,60,1,7,1,1,0,0,0,0
85,50,3,5,1,0,0,1,0,1
70,30,3,12,0,0,0,1,0,1
40,40,3,25,0,0,0,1,0,1
0,70,1,25,0,1,0,0,0,0
65,30,1,13,0,1,0,0,0,1
30,70,1,23,1,1,0,0,0,0
70,50,3,13,1,0,0,1,0,1
90,50,2,7,0,0,1,0,0,1
20,70,1,16,1,1,0,0,0,0
60,50,1,11,0,1,0,0,0,1
70,85,3,9,1,0,0,1,0,1
80,20,1,19,0,1,0,0,0,1
75,10,1,23,1,1,0,0,0,1
50,85,1,11,1,1,0,0,0,0
100,0,2,19,0,0,1,0,0,1
15,70,4,20,0,0,0,0,1,0
100,0,2,10,1,0,1,0,0,1
0,60,3,19,0,0,0,1,0,0
15,85,1,22,0,1,0,0,0,0
50,40,1,19,1,1,0,0,0,1
100,0,2,1,1,0,1,0,0,1
50,50,1,22,1,1,0,0,0,1
72,45,1,16,1,1,0,0,0,1
100,0,2,1,1,0,1,0,0,1
40,85,1,20,0,1,0,0,0,0
70,30,2,25,0,0,1,0,0,1
70,85,1,11,1,1,0,0,0,0
50,85,3,7,1,0,0,1,0,1
100,0,3,1,1,0,0,1,0,1
90,15,2,1,0,0,1,0,0,1
100,30,2,2,1,0,1,0,0,1
80,30,3,1,0,0,0,1,0,1
70,15,1,12,1,1,0,0,0,1
40,85,1,21,0,1,0,0,0,0
55,5,1,23,0,1,0,0,0,1
60,40,3,17,0,0,0,1,0,1
100,0,3,18,0,0,0,1,0,1
90,0,2,11,1,0,1,0,0,1
50,50,1,13,0,1,0,0,0,0
60,15,1,23,1,1,0,0,0,1
85,60,3,7,1,0,0,1,0,1
40,85,1,25,1,1,0,0,0,0
100,50,3,7,1,0,0,1,0,1
85,0,3,7,1,0,0,1,0,1
70,15,3,5,0,0,0,1,0,1
100,50,3,25,1,0,0,1,0,1
15,85,1,15,0,1,0,0,0,0
30,70,1,21,0,1,0,0,0,0
40,70,1,26,0,1,0,0,0,0
70,60,1,19,1,1,0,0,0,1
70,70,4,23,1,0,0,0,1,1
55,35,3,1,0,0,0,1,0,1
0,100,3,24,0,0,0,1,0,0
85,15,1,5,1,1,0,0,0,1
0,70,1,7,0,1,0,0,0,0
70,15,1,17,0,1,0,0,0,1
30,85,1,21,0,1,0,0,0,0
60,0,1,7,0,1,0,0,0,1
100,0,2,18,0,0,1,0,0,1
70,60,1,5,1,1,0,0,0,1
60,40,1,11,1,1,0,0,0,1
40,50,1,21,1,1,0,0,0,0
30,70,1,17,0,1,0,0,0,0
0,70,1,21,0,1,0,0,0,0
40,50,1,13,0,1,0,0,0,0
15,85,1,23,1,1,0,0,0,0
85,70,3,6,0,0,0,1,0,1
70,15,1,13,1,1,0,0,0,1
30,60,1,10,0,1,0,0,0,0
40,60,3,28,0,0,0,1,0,1
60,0,3,21,0,0,0,1,0,1
15,70,1,23,0,1,0,0,0,0
10,60,1,11,0,1,0,0,0,0
15,70,1,23,1,1,0,0,0,0
70,50,3,6,1,0,0,1,0,0
30,85,1,8,1,1,0,0,0,0
85,0,1,21,1,1,0,0,0,1
70,30,1,25,0,1,0,0,0,1
0,70,3,25,0,0,0,1,0,0
65,20,1,15,1,1,0,0,0,1
85,15,3,11,0,0,0,1,0,1
60,75,1,26,0,1,0,0,0,0
85,40,2,13,0,0,1,0,0,1
70,30,2,11,0,0,1,0,0,1
30,30,1,19,1,1,0,0,0,1
60,40,4,9,1,0,0,0,1,1
30,60,1,17,0,1,0,0,0,0
50,40,3,1,1,0,0,1,0,1
30,70,1,25,0,1,0,0,0,0
15,15,2,1,1,0,1,0,0,1
97,12,2,1,1,0,1,0,0,1
60,40,1,24,0,1,0,0,0,1
50,60,1,5,1,1,0,0,0,0
50,70,3,17,0,0,0,1,0,0
100,15,2,1,0,0,1,0,0,1
85,0,2,8,0,0,1,0,0,1
85,40,1,19,0,1,0,0,0,1
85,0,1,15,1,1,0,0,0,1
40,60,1,26,0,1,0,0,0,0
60,0,1,22,0,1,0,0,0,1
70,30,1,25,0,1,0,0,0,1
30,40,2,17,0,0,1,0,0,0
50,50,1,20,0,1,0,0,0,0
10,70,1,26,0,1,0,0,0,0
60,0,3,28,0,0,0,1,0,1
0,55,1,18,1,1,0,0,0,0
60,70,1,16,1,1,0,0,0,0
0,100,3,15,1,0,0,1,0,0
60,50,2,9,0,0,1,0,0,1
70,0,1,18,1,1,0,0,0,1
0,85,1,28,0,1,0,0,0,0
50,50,2,1,0,0,1,0,0,1
70,25,1,25,0,1,0,0,0,1
15,85,1,24,0,1,0,0,0,0
50,70,1,26,0,1,0,0,0,0
85,10,2,1,0,0,1,0,0,1
60,60,1,16,1,1,0,0,0,0
50,50,1,23,0,1,0,0,0,0
50,30,1,1,1,1,0,0,0,1
50,60,4,11,1,0,0,0,1,1
85,40,1,27,1,1,0,0,0,1
15,70,1,12,1,1,0,0,0,0
50,50,1,23,1,1,0,0,0,0
58,15,3,23,0,0,0,1,0,1
55,15,1,27,0,1,0,0,0,1
40,60,1,11,0,1,0,0,0,0
50,60,1,11,1,1,0,0,0,0
0,60,1,4,0,1,0,0,0,0
40,75,1,17,0,1,0,0,0,0
40,0,1,21,0,1,0,0,0,1
0,0,1,25,0,1,0,0,0,1
70,15,3,16,1,0,0,1,0,1
50,50,1,24,0,1,0,0,0,0
70,15,1,10,1,1,0,0,0,1
70,15,1,27,0,1,0,0,0,1
5,78,1,18,0,1,0,0,0,0
15,65,1,24,0,1,0,0,0,0
70,50,3,13,0,0,0,1,0,1
0,70,1,15,1,1,0,0,0,0
10,80,1,21,0,1,0,0,0,0
50,40,1,25,1,1,0,0,0,1
0,60,1,28,0,1,0,0,0,0
5,70,1,13,1,1,0,0,0,0
70,40,1,13,0,1,0,0,0,1
85,0,1,15,1,1,0,0,0,1
0,40,3,10,1,0,0,1,0,0
70,30,1,13,1,1,0,0,0,1
85,15,2,15,0,0,1,0,0,1
15,60,1,26,0,1,0,0,0,0
70,40,3,5,0,0,0,1,0,1
0,85,1,22,1,1,0,0,0,0
85,60,1,13,0,1,0,0,0,1
100,0,1,3,1,1,0,0,0,1
45,70,1,21,0,1,0,0,0,0
15,60,1,16,1,1,0,0,0,0
0,100,1,16,1,1,0,0,0,0
0,70,1,19,1,1,0,0,0,0
20,75,1,21,0,1,0,0,0,0
70,70,1,9,1,1,0,0,0,1
5,60,1,26,0,1,0,0,0,0
30,60,1,14,1,1,0,0,0,0
60,40,1,27,1,1,0,0,0,1
15,85,1,1,1,1,0,0,0,0
60,0,1,11,1,1,0,0,0,1
30,55,1,25,0,1,0,0,0,0
80,0,1,23,0,1,0,0,0,1
60,40,1,24,1,1,0,0,0,1
0,0,1,25,1,1,0,0,0,0
70,40,3,11,1,0,0,1,0,1
85,30,1,1,0,1,0,0,0,1
50,70,1,20,0,1,0,0,0,0
30,60,1,11,0,1,0,0,0,0
70,0,1,8,1,1,0,0,0,1
70,30,1,1,1,1,0,0,0,1
70,15,3,3,0,0,0,1,0,1
85,15,1,21,1,1,0,0,0,1
0,85,1,17,1,1,0,0,0,0
85,50,3,9,1,0,0,1,0,1
85,0,1,23,1,1,0,0,0,1
15,70,1,15,0,1,0,0,0,0
85,40,2,1,0,0,1,0,0,1
85,0,1,22,0,1,0,0,0,1
50,50,1,12,1,1,0,0,0,1
80,30,2,9,1,0,1,0,0,1
85,60,2,1,1,0,1,0,0,1
60,15,2,25,0,0,1,0,0,1
30,50,1,26,0,1,0,0,0,0
60,70,1,11,1,1,0,0,0,0
40,50,2,1,0,0,1,0,0,1
30,85,1,6,0,1,0,0,0,0
100,15,3,23,0,0,0,1,0,1
70,70,1,27,1,1,0,0,0,0
0,100,1,19,0,1,0,0,0,0
85,0,1,22,0,1,0,0,0,1
70,50,3,21,1,0,0,1,0,1
100,40,1,7,1,1,0,0,0,1
15,50,1,24,0,1,0,0,0,0
70,40,1,1,0,1,0,0,0,1
40,70,1,1,0,1,0,0,0,1
75,0,1,15,1,1,0,0,0,1
50,60,3,10,1,0,0,1,0,0
65,25,1,22,0,1,0,0,0,1
40,60,1,1,1,1,0,0,0,0
85,40,1,19,1,1,0,0,0,1
70,5,1,27,1,1,0,0,0,1
0,70,1,17,0,1,0,0,0,0
15,60,1,21,0,1,0,0,0,0
85,0,1,21,1,1,0,0,0,1
85,50,2,1,1,0,1,0,0,1
40,70,1,4,0,1,0,0,0,0
10,70,3,25,0,0,0,1,0,0
60,30,1,21,0,1,0,0,0,1
85,0,2,2,1,0,1,0,0,1
100,0,3,13,1,0,0,1,0,1
30,85,1,21,1,1,0,0,0,0
5,0,4,1,0,0,0,0,1,1
95,0,1,14,1,1,0,0,0,1
50,50,3,12,0,0,0,1,0,0
55,35,1,20,1,1,0,0,0,1
70,40,1,12,1,1,0,0,0,1
100,0,1,26,1,1,0,0,0,1
40,60,1,22,0,1,0,0,0,0
60,50,1,5,1,1,0,0,0,1
15,90,3,17,0,0,0,1,0,0
30,60,1,8,0,1,0,0,0,0
40,90,1,15,0,1,0,0,0,0
40,70,1,17,0,1,0,0,0,0
50,50,1,14,0,1,0,0,0,0
0,100,3,19,0,0,0,1,0,1
15,70,1,22,0,1,0,0,0,0
85,15,3,8,1,0,0,1,0,1
50,50,4,10,1,0,0,0,1,0
100,0,1,15,0,1,0,0,0,1
60,50,4,14,0,0,0,0,1,1
60,0,2,12,0,0,1,0,0,1
50,30,1,19,0,1,0,0,0,1
40,10,1,27,0,1,0,0,0,1
10,40,1,24,0,1,0,0,0,0
50,50,1,25,1,1,0,0,0,1
50,50,1,6,0,1,0,0,0,1
60,0,3,3,0,0,0,1,0,1
80,20,1,11,1,1,0,0,0,1
65,0,4,24,1,0,0,0,1,1
0,0,2,1,1,0,1,0,0,1
70,15,1,13,0,1,0,0,0,1
85,0,2,19,0,0,1,0,0,1
40,65,1,17,1,1,0,0,0,0
30,70,1,19,0,1,0,0,0,0
30,60,1,11,0,1,0,0,0,0
40,65,3,26,1,0,0,1,0,0
100,0,2,2,1,0,1,0,0,1
40,60,1,22,1,1,0,0,0,0
50,50,1,18,1,1,0,0,0,1
50,50,1,9,0,1,0,0,0,1
60,60,1,8,1,1,0,0,0,1
60,40,1,24,0,1,0,0,0,1
75,20,1,8,1,1,0,0,0,1
60,50,1,9,1,1,0,0,0,1
100,15,2,2,0,0,1,0,0,1
70,50,3,12,1,0,0,1,0,1
100,0,2,1,1,0,1,0,0,1
60,30,1,17,0,1,0,0,0,1
100,0,2,12,0,0,1,0,0,1
0,70,1,1,0,1,0,0,0,0
60,60,1,1,1,1,0,0,0,1
100,0,2,1,1,0,1,0,0,1
15,70,1,23,0,1,0,0,0,0
50,30,1,19,1,1,0,0,0,1
65,0,1,24,1,1,0,0,0,1
50,75,1,12,1,1,0,0,0,0
85,10,1,26,0,1,0,0,0,1
25,70,1,15,0,1,0,0,0,0
30,0,1,11,0,1,0,0,0,1
95,45,1,1,0,1,0,0,0,1
30,60,1,18,0,1,0,0,0,0
70,50,3,14,0,0,0,1,0,1
100,0,2,21,1,0,1,0,0,1
85,0,1,15,0,1,0,0,0,1
2,70,1,28,0,1,0,0,0,0
55,55,1,23,0,1,0,0,0,1
50,50,1,21,0,1,0,0,0,1
10,90,1,7,0,1,0,0,0,0
30,60,1,21,1,1,0,0,0,0
85,50,3,1,0,0,0,1,0,1
100,0,2,13,0,0,1,0,0,1
70,15,1,9,1,1,0,0,0,1
85,15,2,17,0,0,1,0,0,1
50,50,1,16,1,1,0,0,0,0
100,15,1,13,1,1,0,0,0,1
15,60,1,20,0,1,0,0,0,0
0,100,1,16,1,1,0,0,0,0
15,60,4,24,1,0,0,0,1,0
70,15,1,24,1,1,0,0,0,1
60,0,1,15,0,1,0,0,0,1
100,0,1,15,0,1,0,0,0,1
70,0,1,18,1,1,0,0,0,1
40,60,1,27,1,1,0,0,0,0
100,25,3,12,0,0,0,1,0,1
85,15,3,9,0,0,0,1,0,1
0,70,1,28,0,1,0,0,0,0
60,15,4,7,0,0,0,0,1,1
90,0,3,18,0,0,0,1,0,1
100,40,3,11,1,0,0,1,0,1
60,60,1,12,1,1,0,0,0,0
40,60,1,13,0,1,0,0,0,1
30,60,1,20,0,1,0,0,0,0
50,50,3,21,1,0,0,1,0,0
30,85,1,2,1,1,0,0,0,0
40,40,1,26,0,1,0,0,0,1
70,50,3,14,0,0,0,1,0,1
70,15,1,25,1,1,0,0,0,1
100,0,3,1,1,0,0,1,0,1
30,0,3,5,0,0,0,1,0,1
50,70,1,18,1,1,0,0,0,0
50,50,1,27,0,1,0,0,0,0
60,15,3,11,0,0,0,1,0,1
60,60,1,15,1,1,0,0,0,0
50,50,4,6,1,0,0,0,1,1
15,60,1,2,1,1,0,0,0,0
20,60,1,27,0,1,0,0,0,0
15,85,1,19,1,1,0,0,0,0
100,0,3,2,0,0,0,1,0,1
80,35,1,23,1,1,0,0,0,1
70,30,3,4,1,0,0,1,0,1
60,40,1,11,0,1,0,0,0,1
15,70,1,11,1,1,0,0,0,0
0,80,1,17,0,1,0,0,0,0
100,50,2,5,0,0,1,0,0,1
0,0,2,11,0,0,1,0,0,1
50,60,1,1,1,1,0,0,0,0
50,40,1,12,0,1,0,0,0,1
15,70,1,21,0,1,0,0,0,0
40,0,1,18,0,1,0,0,0,1
40,50,1,26,0,1,0,0,0,0
40,75,3,19,1,0,0,1,0,0
50,70,4,11,0,0,0,0,1,0
90,65,2,11,1,0,1,0,0,1
70,40,1,14,1,1,0,0,0,1
85,30,1,25,1,1,0,0,0,0
0,85,1,15,1,1,0,0,0,0
50,30,2,26,0,0,1,0,0,1
100,0,1,1,0,1,0,0,0,1
40,60,1,3,0,1,0,0,0,0
40,30,2,15,0,0,1,0,0,1
50,60,3,1,0,0,0,1,0,0
60,85,3,18,0,0,0,1,0,0
30,30,4,16,0,0,0,0,1,0
55,70,1,1,1,1,0,0,0,1
25,75,1,27,1,1,0,0,0,0
85,40,2,9,0,0,1,0,0,1
50,50,1,1,1,1,0,0,0,1
15,60,1,14,0,1,0,0,0,0
40,60,1,8,1,1,0,0,0,0
70,50,3,16,0,0,0,1,0,0
60,30,3,17,0,0,0,1,0,1
50,30,3,13,1,0,0,1,0,1
75,45,3,21,0,0,0,1,0,1
85,30,2,15,0,0,1,0,0,1
70,0,3,3,0,0,0,1,0,1
85,50,2,22,0,0,1,0,0,1
85,30,1,15,1,1,0,0,0,1
0,0,1,26,1,1,0,0,0,1
70,40,3,7,1,0,0,1,0,1
15,85,1,25,0,1,0,0,0,0
40,60,1,23,0,1,0,0,0,0
0,100,1,17,1,1,0,0,0,0
0,60,1,12,0,1,0,0,0,0
50,70,1,14,0,1,0,0,0,0
45,85,1,20,1,1,0,0,0,0
30,60,1,21,1,1,0,0,0,0
70,40,1,11,1,1,0,0,0,1
0,85,1,21,0,1,0,0,0,0
85,50,3,7,1,0,0,1,0,1
0,70,1,21,0,1,0,0,0,0
0,85,1,28,0,1,0,0,0,0
50,60,1,13,0,1,0,0,0,0
85,15,3,1,0,0,0,1,0,1
40,70,1,23,1,1,0,0,0,0
60,30,1,20,1,1,0,0,0,1
30,60,1,9,1,1,0,0,0,0
100,0,1,1,0,1,0,0,0,1
15,70,1,12,0,1,0,0,0,0
70,35,1,20,0,1,0,0,0,1
30,40,1,13,0,1,0,0,0,0
15,85,1,28,1,1,0,0,0,0
15,85,1,15,0,1,0,0,0,0
40,40,1,14,1,1,0,0,0,1
60,40,1,25,1,1,0,0,0,1
50,75,1,27,0,1,0,0,0,0
85,15,1,13,1,1,0,0,0,1
15,85,1,21,0,1,0,0,0,0
60,50,1,19,1,1,0,0,0,1
0,60,4,11,1,0,0,0,1,0
85,60,1,20,0,1,0,0,0,1
85,0,1,27,0,1,0,0,0,1
70,15,1,11,1,1,0,0,0,1
100,0,3,3,1,0,0,1,0,1
60,30,1,14,1,1,0,0,0,1
65,20,1,1,1,1,0,0,0,1
15,40,1,22,0,1,0,0,0,0
60,30,1,21,1,1,0,0,0,1
50,50,1,20,1,1,0,0,0,0
85,60,3,1,0,0,0,1,0,1
50,50,1,20,0,1,0,0,0,0
50,0,2,26,0,0,1,0,0,1
15,70,1,12,1,1,0,0,0,0
0,70,1,20,0,1,0,0,0,0
70,15,1,25,1,1,0,0,0,1
50,50,3,11,1,0,0,1,0,1
15,85,1,18,1,1,0,0,0,0
40,70,1,10,0,1,0,0,0,0
60,5,1,24,0,1,0,0,0,1
60,40,3,1,0,0,0,1,0,1
0,100,4,22,1,0,0,0,1,0
50,50,4,11,0,0,0,0,1,1
85,0,2,3,0,0,1,0,0,1
70,0,1,9,1,1,0,0,0,1
50,50,1,26,0,1,0,0,0,1
40,60,1,27,1,1,0,0,0,0
40,15,1,24,1,1,0,0,0,1
60,20,3,21,1,0,0,1,0,1
30,70,3,15,1,0,0,1,0,1
70,30,3,24,0,0,0,1,0,1
0,100,1,13,1,1,0,0,0,0
100,0,2,17,0,0,1,0,0,1
60,50,1,21,0,1,0,0,0,1
0,85,3,15,0,0,0,1,0,0
0,100,1,22,1,1,0,0,0,0
70,50,3,1,1,0,0,1,0,1
70,50,2,1,1,0,1,0,0,1
70,40,1,3,0,1,0,0,0,1
30,85,1,15,1,1,0,0,0,0
70,0,4,6,0,0,0,0,1,1
0,85,3,15,0,0,0,1,0,0
30,85,3,16,0,0,0,1,0,0
0,70,1,8,0,1,0,0,0,0
70,50,1,15,1,1,0,0,0,1
60,0,2,1,1,0,1,0,0,1
50,60,1,1,1,1,0,0,0,0
30,30,2,26,1,0,1,0,0,0
50,0,1,17,0,1,0,0,0,1
30,40,1,24,0,1,0,0,0,0
60,70,1,6,1,1,0,0,0,0
70,0,1,24,0,1,0,0,0,1
40,60,1,24,1,1,0,0,0,0
85,60,2,2,0,0,1,0,0,1
60,15,1,27,0,1,0,0,0,1
60,15,2,14,0,0,1,0,0,1
85,15,1,21,1,1,0,0,0,1
85,30,1,2,0,1,0,0,0,1
100,0,3,7,0,0,0,1,0,1
30,85,1,13,1,1,0,0,0,0
70,0,1,22,1,1,0,0,0,1
85,60,2,5,0,0,1,0,0,1
60,70,1,9,1,1,0,0,0,0
30,30,2,20,0,0,1,0,0,1
100,0,1,24,1,1,0,0,0,1
40,70,4,28,1,0,0,0,1,0
85,0,3,12,1,0,0,1,0,1
85,50,1,8,1,1,0,0,0,1
100,0,4,5,1,0,0,0,1,1
50,50,1,14,1,1,0,0,0,0
50,30,1,19,1,1,0,0,0,1
50,15,1,27,1,1,0,0,0,1
30,30,1,28,1,1,0,0,0,0
70,60,1,11,1,1,0,0,0,0
85,0,1,25,1,1,0,0,0,1
85,40,2,1,1,0,1,0,0,1
0,15,1,22,1,1,0,0,0,0
65,30,1,5,1,1,0,0,0,1
70,15,1,24,1,1,0,0,0,1
85,15,2,4,1,0,1,0,0,1
80,10,1,13,1,1,0,0,0,1
70,0,1,19,1,1,0,0,0,1
50,50,4,6,1,0,0,0,1,0
70,40,2,14,0,0,1,0,0,1
60,40,1,21,1,1,0,0,0,1
100,0,2,28,0,0,1,0,0,1
70,0,1,22,1,1,0,0,0,1
0,85,3,21,0,0,0,1,0,0
100,50,3,1,0,0,0,1,0,1
50,30,1,27,1,1,0,0,0,1
30,100,3,7,1,0,0,1,0,0
30,60,1,22,1,1,0,0,0,0
30,60,1,3,1,1,0,0,0,0
40,30,1,27,1,1,0,0,0,1
70,15,1,25,1,1,0,0,0,1
50,50,1,9,1,1,0,0,0,1
0,70,1,19,1,1,0,0,0,0
0,60,1,1,1,1,0,0,0,0
30,85,1,20,1,1,0,0,0,0
60,30,1,27,1,1,0,0,0,1
15,90,1,22,1,1,0,0,0,0
60,15,1,27,1,1,0,0,0,1
70,40,1,1,1,1,0,0,0,0
100,0,1,24,1,1,0,0,0,1
85,85,3,1,1,0,0,1,0,1
85,70,3,1,0,0,0,1,0,1
